FireTruck,Rescue_veh,Water truc,Ambulance,count,levbycount,Total,comp_norm,Type,HBcount,LBcount,MBcount,C_count,R_count,I_count,others,Special_Co,To_Bui_Co,MED_Pop,LOW_Pop,High_Pop,Tot_Pop,Arr,Pop_22_10,Pop_10_22,compact_1,srid,compact,Intensity,Avgres,Output lay,Output l_1,X,Y,X,Y,PopupInfo,level,count
2,1,2,0,2,4,5,344.454222222,RCS,2,40,35,0,50,24,School,3,77,1260,2560,352,4172,19160,1696,1384,7.11078,1,0.276666667,0,0,344.454222222,344.454,72.8352,19.00585,72.8352,19.0058499999999,LOW MED HIGH RISE,8,2
1,0,0,0,1,1,1,2.55444444444,I,0,11,0,0,0,11,,0,11,0,704,0,704,2090,66,198,0.293333,2,0.026888889,0,0,2.55444444444,2.55444,72.858,19.00615,72.858,19.00615,LOW RISE,0,0
1,0,0,0,1,1,1,0.08444444444,I,0,2,0,0,0,2,,0,2,0,128,0,128,380,12,36,0.0533333,3,0.004888889,0,0,0.08444444444,0.0844444,72.86082515,19.00614211,72.8608251499999,19.0061421099999,LOW RISE,0,0
1,0,0,0,1,1,1,0.08444444444,I,0,2,0,0,0,2,,0,2,0,128,0,128,380,12,36,0.0533333,4,0.004888889,0,0,0.08444444444,0.0844444,72.86368333,19.00618333,72.86368333,19.0061833299999,LOW RISE,0,0
1,0,0,0,1,1,1,2.11111111111,I,0,10,0,0,0,10,,0,10,0,640,0,640,1900,60,180,0.266667,5,0.024444444,0,0,2.11111111111,2.11111,72.86087485,19.00345789,72.86087485,19.00345789,LOW RISE,0,0
1,0,0,0,1,1,1,62.1319999999999,RI,8,0,7,0,13,2,dairy,0,15,252,0,1408,1660,6340,501,352,5.03922,6,0.094888889,0,0,62.132,62.132,72.81247485,19.00015789,72.81247485,19.00015789,MED HIGH RISE,0,0
1,0,0,0,1,1,1,867.536888889,RC,4,50,60,8,106,0,,0,114,2160,3200,704,6064,29620,3232,2158,11.9826999999999,7,0.433333333,0,0,867.536888889,867.537,72.81817485,19.00025789,72.81817485,19.00025789,LOW MED HIGH RISE,0,0
1,0,0,0,1,1,1,294.844444443999,RCS,0,100,8,20,87,0,School,1,108,288,6400,0,6688,21400,2547,2264,3.81778,8,0.281777778,0,0,294.844444444,294.844,72.85807455,19.00070788,72.8580745499999,19.00070788,LOW MED RISE,0,0
1,0,0,0,1,1,1,44.1,RSI,0,0,21,15,0,2,,4,21,756,0,0,756,6300,163,1068,3.02167,9,0.098,0,0,44.1,44.1,72.86092515,19.0007421,72.86092515,19.0007421,MEDIUM RISE,0,0
1,0,0,0,1,1,1,593.338666666999,RC,8,120,2,16,114,0,,0,130,72,7680,1408,9160,27640,3366,2452,7.51978,10,0.364888889,0,0,593.338666667,593.339,72.81252515,18.9974421,72.8125251499999,18.9974421,LOW MED HIGH RISE,0,0
1,0,0,0,1,1,1,326.733333333,RSCI,10,40,15,20,37,6,,2,65,540,2560,1760,4860,17400,1341,1930,8.265,11,0.245555556,0,0,326.733333333,326.733,72.81822515,18.99754211,72.81822515,18.99754211,LOW MED HIGH RISE,0,0
1,0,0,0,1,1,1,1678.12088889,RSCI,22,140,12,25,140,2,School Hospital collage,7,174,432,8960,3872,1326,41860,4403,3780,16.5479999999999,12,0.569333333,0,0,1678.12088889,1678.12,72.8467,18.99785,72.8466999999999,18.99785,LOW MED HIGH RISE,0,0
1,0,0,0,1,1,1,742,R,0,120,30,0,150,0,,0,150,1080,7680,0,8760,31800,4290,2100,7.51667,13,0.433333333,0,0,742,742,72.81257485,18.99475789,72.81257485,18.9947578899999,LOW MED RISE,0,0
1,0,0,0,1,1,1,327.085333332999,RS,2,80,15,0,91,0,,6,97,540,5120,352,6012,20760,2661,1484,5.29967,14,0.281111111,0,0,327.085333333,327.085,72.81826607,18.99483274,72.81826607,18.99483274,LOW MED HIGH RISE,0,0
1,0,0,0,1,1,1,230.844444444,RSCI,0,100,2,5,95,1,Office,1,102,72,6400,0,6472,19600,2699,1561,2.95444,15,0.253777778,0,0,230.844444444,230.844,72.85527485,18.99525789,72.85527485,18.99525789,LOW MED RISE,0,0
1,0,0,0,1,1,1,0.08444444444,S,0,2,0,0,0,0,,2,2,0,128,0,128,380,14,66,0.0533333,16,0.004888889,0,0,0.08444444444,0.0844444,72.85813393,18.99526726,72.8581339299999,18.9952672599999,LOW RISE,0,0
1,0,0,0,1,1,1,448.970666666999,RC,2,119,7,4,124,0,,0,128,252,7616,352,8220,25770,3535,1887,5.18856,17,0.339111111,0,0,448.970666667,448.971,72.8126,18.99205,72.8126,18.9920499999999,LOW MED HIGH RISE,0,0
1,0,0,0,1,1,1,130.5,SI,0,45,15,0,0,32,,28,60,540,2880,0,3420,13050,433,1575,3.35833,18,0.18,0,0,130.5,130.5,72.82682545,18.99219212,72.82682545,18.9921921199999,LOW MED RISE,0,0
1,0,0,0,1,1,1,232.277777778,RI,0,80,11,0,62,29,,0,91,396,5120,0,5516,18500,1943,1383,3.71611,19,0.246888889,0,0,232.277777778,232.278,72.85532515,18.9925421,72.8553251499999,18.9925421,LOW MED RISE,0,0
1,0,0,0,1,1,1,0.52777777778,S,0,5,0,0,0,0,,5,5,0,320,0,320,950,35,165,0.133333,20,0.012222222,0,0,0.52777777778,0.527778,72.8582,18.98985,72.8581999999999,18.98985,LOW RISE,0,0
1,0,0,0,1,1,1,14.4,CS,0,0,12,8,0,0,dargah,4,12,432,0,0,432,3600,96,616,1.72667,21,0.056,0,0,14.4,14.4,72.81267485,18.9866579,72.8126748499999,18.9866579,MEDIUM RISE,0,0
1,0,0,0,1,1,1,8.44444444444,S,0,20,0,0,0,0,Race_Course,20,20,0,1280,0,1280,3800,140,660,0.533333,22,0.048888889,0,0,8.44444444444,8.44444,72.81837455,18.98670788,72.81837455,18.98670788,LOW RISE,0,0
1,0,0,0,1,1,1,19,I,0,30,0,0,0,30,Mills,0,30,0,1920,0,1920,5700,180,540,0.8,23,0.073333333,0,0,19,19,72.8497,18.98705,72.8496999999999,18.98705,LOW RISE,0,0
1,0,0,0,1,1,1,4.75,I,0,15,0,0,0,15,,0,15,0,960,0,960,2850,90,270,0.4,24,0.036666667,0,0,4.75,4.75,72.85822515,18.98714211,72.8582251499999,18.98714211,LOW RISE,0,0
1,0,0,0,1,1,1,2.5,R,0,0,5,0,5,0,,0,5,180,0,0,180,1500,155,90,0.719444,25,0.023333333,0,0,2.5,2.5,72.81555,18.98395,72.81555,18.98395,MEDIUM RISE,0,0
1,0,0,0,1,1,1,0.08444444444,C,0,2,0,2,0,0,,0,2,0,128,0,128,380,8,106,0.0533333,26,0.004888889,0,0,0.08444444444,0.0844444,72.81840848,18.98397515,72.81840848,18.9839751499999,LOW RISE,0,0
1,0,0,0,1,1,1,4.75,I,0,15,0,0,0,15,Petrol industry,0,15,0,960,0,960,2850,90,270,0.4,27,0.036666667,0,0,4.75,4.75,72.85827485,18.9844579,72.85827485,18.9844578999999,LOW RISE,0,0
1,0,0,0,1,1,1,2.5,R,0,0,5,0,5,0,,0,5,180,0,0,180,1500,155,90,0.719444,28,0.023333333,0,0,2.5,2.5,72.81272545,18.98119212,72.81272545,18.9811921199999,MEDIUM RISE,0,0
4,2,3,1,1,5,10,120.733999999999,RSCI,1,24,21,15,6,12,,13,46,756,1536,176,2468,11390,467,1637,4.16567,29,0.164444444,0,0,120.734,120.734,72.83267485,18.98145789,72.83267485,18.98145789,LOW MED HIGH RISE,5,1
2,1,1,0,2,3,4,135.111111111,SI,0,80,0,0,0,40,godown,40,80,0,5120,0,5120,15200,520,2040,2.13333,30,0.195555556,0,0,135.111111111,135.111,72.85262515,18.9816421,72.8526251499999,18.9816420999999,LOW RISE,6,2
1,0,0,0,1,1,1,103.444444444,I,0,70,0,0,0,70,Petrol industry,0,70,0,4480,0,4480,13300,420,1260,1.86667,31,0.171111111,0,0,103.444444444,103.444,72.85547455,18.98170788,72.8554745499999,18.9817078799999,LOW RISE,0,0
1,0,0,0,1,1,1,132.111111111,SI,0,70,4,0,0,70,Petrolium Industry,4,74,144,4480,0,4624,14500,460,1412,2.44222,32,0.189777778,0,0,132.111111111,132.111,72.8583,18.98175,72.8583,18.98175,LOW MED RISE,0,0
1,0,0,0,1,1,1,3.6,S,0,0,6,0,0,0,Office,6,6,216,0,0,216,1800,60,228,0.863333,33,0.028,0,0,3.6,3.6,72.86115,18.98175,72.8611499999999,18.98175,MEDIUM RISE,0,0
1,1,1,0,1,2,3,151.111111111,RC,0,40,20,10,50,0,,0,60,720,2560,0,3280,13600,1500,1280,3.94444,34,0.191111111,0,0,151.111111111,151.111,72.80707485,18.9784579,72.80707485,18.9784578999999,LOW MED RISE,2,1
1,0,1,0,1,1,2,74.7999999999999,RC,10,0,5,5,10,0,,0,15,180,0,1760,1940,6800,445,560,5.75944,35,0.101111111,0,0,74.8,74.8,72.80992515,18.97844211,72.8099251499999,18.97844211,MED HIGH RISE,1,1
1,0,0,0,1,1,1,6.4,S,0,0,8,0,0,0,Hospital,8,8,288,0,0,288,2400,80,304,1.15111,36,0.037333333,0,0,6.4,6.4,72.81277455,18.97850788,72.81277455,18.9785078799999,MEDIUM RISE,0,0
1,0,0,0,1,1,1,10,S,0,0,10,0,0,0,Hospital,10,10,360,0,0,360,3000,100,380,1.43889,37,0.046666667,0,0,10,10,72.81562515,18.97854211,72.81562515,18.9785421099999,MEDIUM RISE,0,0
1,0,0,0,1,1,1,47.0164444444,RS,3,10,10,2,11,0,Railway station,10,23,360,640,528,1528,6490,455,671,3.21756,38,0.094444444,0,0,47.0164444444,47.0164,72.82132545,18.97859212,72.82132545,18.9785921199999,LOW MED HIGH RISE,0,0
1,0,0,0,1,1,1,31.6586666667,R,8,0,0,0,8,0,,0,8,0,0,1408,1408,4240,328,216,4.032,39,0.062222222,0,0,31.6586666667,31.6587,72.82417485,18.97865789,72.82417485,18.97865789,HIGH RISE,0,0
1,0,0,0,1,1,1,297.289777777999,RSCI,3,80,10,50,24,17,School,2,93,360,5120,528,6008,19790,1057,3426,5.08422,40,0.265555556,0,0,297.289777778,297.29,72.82702515,18.97864211,72.8270251499999,18.9786421099999,LOW MED HIGH RISE,0,0
1,0,0,0,1,1,1,0.4,C,0,0,2,2,0,0,,0,2,72,0,0,72,600,14,116,0.287778,41,0.009333333,0,0,0.4,0.4,72.83555,18.97875,72.8355499999999,18.97875,MEDIUM RISE,0,0
1,0,0,0,1,1,1,2.5,C,0,0,5,5,0,0,,0,5,180,0,0,180,1500,35,290,0.719444,42,0.023333333,0,0,2.5,2.5,72.8555,18.979,72.8555,18.9789999999999,MEDIUM RISE,0,0
1,0,0,0,1,1,1,49.4666666667,R,10,0,0,0,10,0,,0,10,0,0,1760,1760,5300,410,270,5.04,43,0.077777778,0,0,49.4666666667,49.4667,72.80428333,18.97568333,72.80428333,18.9756833299999,HIGH RISE,0,0
1,0,0,0,1,1,1,8.1,CS,0,0,9,7,0,0,Sports Club,2,9,324,0,0,324,2700,69,482,1.295,44,0.042,0,0,8.1,8.1,72.81564121,18.97582485,72.8156412099999,18.9758248499999,MEDIUM RISE,0,0
1,0,0,0,1,1,1,536.399999999999,RCS,15,60,10,40,33,0,School Hospital,12,85,360,3840,2640,6840,22350,1393,3205,10.5989,45,0.31,0,0,536.4,536.4,72.82135879,18.97587515,72.82135879,18.97587515,LOW MED HIGH RISE,0,0
1,0,0,0,1,1,1,371.777777777999,CI,0,110,10,60,0,60,,0,120,360,7040,0,7400,23900,630,4310,4.37222,46,0.315555556,0,0,371.777777778,371.778,72.84981667,18.97621667,72.8498166699999,18.9762166699999,LOW MED RISE,0,0
1,0,0,0,1,1,1,46.0679999999999,RSCI,1,15,12,7,6,12,railway station,3,28,432,960,176,1568,6980,338,838,2.63067,47,0.100444444,0,0,46.068,46.068,72.83277455,18.97330788,72.8327745499999,18.97330788,LOW MED HIGH RISE,0,0
1,0,0,0,1,1,1,103.444444444,CI,0,70,0,20,0,50,Cotton MIlls,0,70,0,4480,0,4480,13300,380,1960,1.86667,48,0.171111111,0,0,103.444444444,103.444,72.84705,18.97075,72.8470499999999,18.9707499999999,LOW RISE,0,0
1,0,0,0,1,1,1,918.528,RCS,16,40,40,40,51,0,Hospital,5,96,1440,2560,2816,6816,28080,1951,3372,14.8862,49,0.408888889,0,0,918.528,918.528,72.8243,18.9678,72.8242999999999,18.9678,LOW MED HIGH RISE,0,0
1,1,1,0,2,2,3,80.0833333333,R,5,0,17,0,22,0,,0,22,612,0,880,1492,7750,732,441,4.96611,50,0.118222222,0,0,80.0833333333,80.0833,72.80156607,18.96483274,72.80156607,18.9648327399999,MED HIGH RISE,4,2
1,0,0,0,1,1,1,2.5,I,0,0,5,0,0,5,dockyard,0,5,180,0,0,180,1500,45,115,0.719444,51,0.023333333,0,0,2.5,2.5,72.84998333,18.96538333,72.84998333,18.96538333,MEDIUM RISE,0,0
2,2,2,1,3,2,7,714.298666667,R,38,0,0,0,38,0,,0,38,0,0,6688,6688,20140,1558,1026,19.152,52,0.295555556,0,0,714.298666667,714.299,72.80442515,18.96214211,72.80442515,18.9621421099999,HIGH RISE,6,3
1,0,0,0,1,1,1,170.866666667,R,5,0,30,0,35,0,,0,35,1080,0,880,1960,11650,1135,675,6.83667,53,0.178888889,0,0,170.866666667,170.867,72.80727485,18.96215789,72.8072748499999,18.96215789,MED HIGH RISE,0,0
1,0,0,0,1,1,1,4.75,S,0,15,0,0,0,0,railway doc,15,15,0,960,0,960,2850,105,495,0.4,54,0.036666667,0,0,4.75,4.75,72.84147485,18.9625579,72.8414748499999,18.9625579,LOW RISE,0,0
1,0,0,0,1,1,1,8.44444444444,RI,0,20,0,0,8,12,Petrolium,0,20,0,1280,0,1280,3800,296,320,0.533333,55,0.048888889,0,0,8.44444444444,8.44444,72.84432545,18.96259212,72.8443254499999,18.96259212,LOW RISE,0,0
1,0,0,0,1,1,1,10,R,0,0,10,0,10,0,,0,10,360,0,0,360,3000,310,180,1.43889,56,0.046666667,0,0,10,10,72.80447485,18.95945789,72.80447485,18.9594578899999,MEDIUM RISE,0,0
1,0,0,0,1,1,1,36.1,CI,0,0,19,4,0,15,,0,19,684,0,0,684,5700,163,577,2.73389,57,0.088666667,0,0,36.1,36.1,72.84435,18.9599,72.84435,18.9599,MEDIUM RISE,0,0
1,0,0,0,1,1,1,8.44444444444,CI,0,20,0,10,0,10,Industry,0,20,0,1280,0,1280,3800,100,710,0.533333,58,0.048888889,0,0,8.44444444444,8.44444,72.8472,18.95995,72.8472,18.9599499999999,LOW RISE,0,0
1,0,0,0,1,1,1,69.8942222222,R,2,40,3,0,45,0,,0,45,108,2560,352,3020,9560,1295,628,2.50633,59,0.127333333,0,0,69.8942222222,69.8942,72.79596607,18.95663274,72.79596607,18.95663274,LOW MED HIGH RISE,0,0
1,0,0,0,1,1,1,3.6,R,0,0,6,0,6,0,,0,6,216,0,0,216,1800,186,108,0.863333,60,0.028,0,0,3.6,3.6,72.80451667,18.95671667,72.8045166699999,18.9567166699999,MEDIUM RISE,0,0
1,0,0,0,1,1,1,217.361111111,RIC,0,35,30,20,32,13,,0,65,1080,2240,0,3320,15650,1144,1860,5.25,61,0.225555556,0,0,217.361111111,217.361,72.83866607,18.95713274,72.83866607,18.9571327399999,LOW MED RISE,0,0
1,0,0,0,1,1,1,1.97866666667,R,2,0,0,0,2,0,,0,2,0,0,352,352,1060,82,54,1.008,62,0.015555556,0,0,1.97866666667,1.97867,72.79317485,18.95385789,72.79317485,18.9538578899999,HIGH RISE,0,0
1,0,0,0,1,1,1,62.5,RIC,0,0,25,8,15,0,,2,25,900,0,0,900,7500,541,810,3.59722,63,0.116666667,0,0,62.5,62.5,72.80455,18.954,72.80455,18.954,MEDIUM RISE,0,0
1,0,0,0,1,1,1,8.1,C,0,0,9,9,0,0,,0,9,324,0,0,324,2700,63,522,1.295,64,0.042,0,0,8.1,8.1,72.81307455,18.95410788,72.8130745499999,18.9541078799999,MEDIUM RISE,0,0
1,0,0,0,1,1,1,0.19,C,0,3,0,3,0,0,,0,3,0,192,0,192,570,12,159,0.08,65,0.007333333,0,0,0.19,0.19,72.84442515,18.95444211,72.84442515,18.9544421099999,LOW RISE,0,0
1,0,0,0,1,1,1,114.342,RC,3,0,27,2,28,0,,0,30,972,0,528,1500,9690,912,647,5.397,66,0.149333333,0,0,114.342,114.342,72.79887485,18.95125789,72.79887485,18.95125789,MED HIGH RISE,0,0
1,0,0,0,1,1,1,137.461333333,R,4,0,28,14,18,0,,0,32,1008,0,704,1712,10520,696,1172,6.04489,67,0.161777778,0,0,137.461333333,137.461,72.80457455,18.95130788,72.8045745499999,18.95130788,MED HIGH RISE,0,0
1,0,0,0,1,1,1,0.33777777778,I,0,4,0,0,0,4,,0,4,0,256,0,256,760,24,72,0.106667,68,0.009777778,0,0,0.33777777778,0.337778,72.84445,18.95175,72.8444499999999,18.95175,LOW RISE,0,0
1,0,0,0,1,1,1,144.725333333,RCS,8,0,20,3,23,0,,2,28,720,0,1408,2128,10240,834,736,6.90978,69,0.155555556,0,0,144.725333333,144.725,72.79892515,18.94854211,72.79892515,18.94854211,MED HIGH RISE,0,0
1,0,0,0,1,1,1,0.49466666667,R,1,0,0,6,7,0,,0,1,0,0,176,176,530,209,387,0.504,70,0.007777778,0,0,0.49466666667,0.494667,72.81887485,18.94875789,72.81887485,18.94875789,MED HIGH RISE,0,0
1,0,0,0,1,1,1,52.1444444444,R,0,8,19,0,27,0,,0,27,684,512,0,1196,7220,813,446,2.94722,71,0.108222222,0,0,52.1444444444,52.1444,72.8217,18.9488,72.8217,18.9487999999999,LOW MED RISE,0,0
1,0,0,0,1,1,1,0.4,C,0,0,2,2,0,0,Play ground,0,2,72,0,0,72,600,14,116,0.287778,72,0.009333333,0,0,0.4,0.4,72.82173393,18.94606726,72.8217339299999,18.94606726,MEDIUM RISE,0,0
1,0,0,0,1,1,1,0.76,C,0,6,0,6,0,0,,0,6,0,384,0,384,1140,24,318,0.16,73,0.014666667,0,0,0.76,0.76,72.83883393,18.94626726,72.83883393,18.9462672599999,LOW RISE,0,0
1,0,0,0,1,1,1,1.71,I,0,9,0,0,0,9,Ship yard,0,9,0,576,0,576,1710,54,162,0.24,74,0.022,0,0,1.71,1.71,72.84452515,18.94634211,72.8445251499999,18.94634211,LOW RISE,0,0
1,0,0,0,1,1,1,16.5599999999999,RS,2,11,3,0,6,0,Rajbhavan,10,16,108,704,352,1164,4050,273,451,1.733,75,0.056444444,0,0,16.56,16.56,72.7933,18.94305,72.7933,18.9430499999999,LOW MED HIGH RISE,0,0
1,0,0,0,1,1,1,4.9,R,0,0,7,0,7,0,,0,7,252,0,0,252,2100,217,126,1.00722,76,0.032666667,0,0,4.9,4.9,72.79615,18.94305,72.7961499999999,18.9430499999999,MEDIUM RISE,0,0
1,0,0,0,1,1,1,0.08444444444,C,0,2,0,2,0,0,,0,2,0,128,0,128,380,8,106,0.0533333,77,0.004888889,0,0,0.08444444444,0.0844444,72.82177485,18.9433579,72.8217748499999,18.9433578999999,LOW RISE,0,0
1,0,0,0,1,1,1,160,RI,0,0,40,20,17,3,Ship Yard,0,40,1440,0,0,1440,12000,694,1535,5.75556,78,0.186666667,0,0,160,160,72.83887485,18.94355789,72.8388748499999,18.94355789,MEDIUM RISE,0,0
1,0,0,0,1,1,1,0.19,C,0,3,0,3,0,0,Ship Yard,0,3,0,192,0,192,570,12,159,0.08,79,0.007333333,0,0,0.19,0.19,72.8417,18.9436,72.8417,18.9436,LOW RISE,0,0
1,0,0,0,1,1,1,0.19,C,0,3,0,3,0,0,Ship Yard,0,3,0,192,0,192,570,12,159,0.08,80,0.007333333,0,0,0.19,0.19,72.84455,18.94365,72.8445499999999,18.94365,LOW RISE,0,0
1,0,0,0,1,1,1,10,S,0,0,10,0,0,0,rajbhavan,10,10,360,0,0,360,3000,100,380,1.43889,81,0.046666667,0,0,10,10,72.79332515,18.94034211,72.79332515,18.94034211,MEDIUM RISE,0,0
1,0,0,0,1,1,1,44.1,RC,0,0,21,4,17,0,,0,21,756,0,0,756,6300,555,538,3.02167,82,0.098,0,0,44.1,44.1,72.82467455,18.94070788,72.8246745499999,18.94070788,MEDIUM RISE,0,0
1,0,0,0,1,1,1,0.9,R,0,0,3,0,3,0,,0,3,108,0,0,108,900,93,54,0.431667,83,0.014,0,0,0.9,0.9,72.83035,18.94075,72.8303499999999,18.94075,MEDIUM RISE,0,0
1,0,0,0,1,1,1,0.08444444444,I,0,2,0,0,0,2,Ship yard,0,2,0,128,0,128,380,12,36,0.0533333,84,0.004888889,0,0,0.08444444444,0.0844444,72.84172545,18.94089212,72.8417254499999,18.94089212,LOW RISE,0,0
1,0,0,0,1,1,1,0.08444444444,I,0,2,0,0,0,2,Ship yard,0,2,0,128,0,128,380,12,36,0.0533333,85,0.004888889,0,0,0.08444444444,0.0844444,72.84457485,18.94095789,72.84457485,18.94095789,LOW RISE,0,0
1,0,0,0,1,1,1,69.1166666666999,RC,5,0,15,5,15,0,,0,20,540,0,880,1420,7150,550,605,4.67833,86,0.108888889,0,0,69.1166666667,69.1167,72.8247,18.938,72.8247,18.9379999999999,MED HIGH RISE,0,0
1,0,0,0,1,1,1,1.35111111111,C,0,8,0,8,0,0,,0,8,0,512,0,512,1520,32,424,0.213333,87,0.019555556,0,0,1.35111111111,1.35111,72.83037485,18.93805789,72.8303748499999,18.93805789,LOW RISE,0,0
1,0,0,0,1,1,1,0.76,C,0,6,0,6,0,0,,0,6,0,384,0,384,1140,24,318,0.16,88,0.014666667,0,0,0.76,0.76,72.84177455,18.93820788,72.8417745499999,18.93820788,LOW RISE,0,0
1,0,0,0,1,1,1,0.4,I,0,0,2,0,0,2,,0,2,72,0,0,72,600,18,46,0.287778,89,0.009333333,0,0,0.4,0.4,72.84462515,18.9382421,72.8446251499999,18.9382421,LOW MED RISE,0,0
1,0,0,0,1,1,1,137.461333333,RC,4,0,28,10,22,0,,0,32,1008,0,704,1712,10520,792,1012,6.04489,90,0.161777778,0,0,137.461333333,137.461,72.83042515,18.93534211,72.8304251499999,18.93534211,MED HIGH RISE,0,0
1,0,0,0,1,1,1,0.9,R,0,0,3,0,3,0,,0,3,108,0,0,108,900,93,54,0.431667,91,0.014,0,0,0.9,0.9,72.82192515,18.93254211,72.8219251499999,18.93254211,MEDIUM RISE,0,0
1,0,0,0,1,1,1,62.5,RIC,0,0,25,3,18,4,,0,25,900,0,0,900,7500,615,590,3.59722,92,0.116666667,0,0,62.5,62.5,72.8276,18.9326,72.8276,18.9326,MEDIUM RISE,0,0
1,0,0,0,1,1,1,26.488,RC,1,0,14,3,12,0,,0,15,504,0,176,680,4730,403,399,2.51844,93,0.073111111,0,0,26.488,26.488,72.82195,18.92985,72.82195,18.9298499999999,MED HIGH RISE,0,0
1,0,0,0,1,1,1,7.91466666667,C,4,0,0,4,0,0,,0,4,0,0,704,704,2120,68,268,2.016,94,0.031111111,0,0,7.91466666667,7.91467,72.81913393,18.92706726,72.81913393,18.92706726,HIGH RISE,0,0
1,0,0,0,1,1,1,22.2933333333,C,4,12,0,16,0,0,,0,16,0,768,704,1472,4400,116,904,2.336,95,0.060444444,0,0,22.2933333333,22.2933,72.82482515,18.92714211,72.8248251499999,18.9271421099999,LOW HIGH RISE,0,0
1,0,0,0,1,1,1,14.2946666667,C,4,0,3,7,0,0,,0,7,108,0,704,812,3020,89,442,2.44767,96,0.045111111,0,0,14.2946666667,14.2947,72.81917485,18.92435789,72.8191748499999,18.92435789,MED HIGH RISE,0,0
1,0,0,0,1,1,1,62.7413333332999,RC,4,0,16,10,10,0,,0,20,576,0,704,1280,6920,420,796,4.31822,97,0.105777778,0,0,62.7413333333,62.7413,72.82775,18.92175,72.8277499999999,18.9217499999999,MED HIGH RISE,0,0
1,0,0,0,1,1,1,1.97866666667,R,2,0,0,0,2,0,,0,2,0,0,352,352,1060,82,54,1.008,98,0.015555556,0,0,1.97866666667,1.97867,72.8164,18.91895,72.8164,18.9189499999999,HIGH RISE,0,0
1,0,0,0,1,1,1,6.4,R,0,0,8,0,0,8,,0,8,288,0,0,288,2400,72,184,1.15111,99,0.037333333,0,0,6.4,6.4,72.83347485,18.91915789,72.83347485,18.91915789,MEDIUM RISE,0,0
1,0,0,0,1,1,1,31.6586666667,RC,8,0,0,6,2,0,,0,8,0,0,1408,1408,4240,184,456,4.032,100,0.062222222,0,0,31.6586666667,31.6587,72.81641667,18.91621667,72.8164166699999,18.91621667,HIGH RISE,0,0
1,1,1,0,2,2,3,202.344222222,RC,7,50,5,5,57,0,,0,62,180,3200,1232,4612,14710,1722,1129,5.58078,101,0.2,0,0,202.344222222,202.344,72.82213393,18.91626726,72.82213393,18.91626726,LOW MED HIGH RISE,4,2
2,1,2,0,2,2,5,585.751999999999,R,3,150,0,0,153,0,,0,153,0,9600,528,1012,30090,4323,2031,5.512,102,0.39,0,0,585.752,585.752,72.81077485,18.91345789,72.81077485,18.91345789,LOW HIGH RISE,4,2
2,2,2,1,1,3,7,605.659111111,RS,6,130,3,0,134,0,World Trade center,5,139,108,8320,1056,9484,28780,3874,2006,6.92233,103,0.378444444,0,0,605.659111111,605.659,72.81647455,18.91350788,72.8164745499999,18.91350788,LOW MED HIGH RISE,3,1
1,0,0,0,1,1,1,40,RC,0,0,20,16,4,0,,0,20,720,0,0,720,6000,236,1000,2.87778,104,0.093333333,0,0,40,40,72.82785,18.91365,72.8278499999999,18.91365,MEDIUM RISE,0,0
2,2,2,0,1,2,6,497.351999999999,RC,12,90,0,3,99,0,,0,102,0,5760,2112,7872,23460,2940,1614,8.448,105,0.313333333,0,0,497.352,497.352,72.80797455,18.91070788,72.8079745499999,18.91070788,LOW HIGH RISE,2,1
1,0,0,0,1,1,1,40.0679999999999,RC,9,0,0,5,4,0,,0,9,0,0,1584,1584,4770,249,443,4.536,106,0.07,0,0,40.068,40.068,72.82502545,18.91089212,72.8250254499999,18.91089212,HIGH RISE,0,0
1,1,1,0,1,2,3,129.818666667,RC,8,0,18,2,24,0,,0,26,648,0,1408,2056,9640,838,620,6.622,107,0.146222222,0,0,129.818666667,129.819,72.80800848,18.90797515,72.8080084799999,18.9079751499999,MED HIGH RISE,2,1
1,1,1,0,1,2,3,74.14,R,0,39,9,0,48,0,,0,48,324,2496,0,2820,10110,1371,669,2.335,108,0.137333333,0,0,74.14,74.14,72.81367485,18.90805789,72.8136748499999,18.9080578899999,LOW MED RISE,2,1
1,0,0,0,1,1,1,25.5377777777999,R,3,19,0,0,22,0,,0,22,0,1216,528,1744,5200,655,328,2.01867,109,0.069777778,0,0,25.5377777778,25.5378,72.81653393,18.90806726,72.81653393,18.9080672599999,LOW HIGH RISE,0,0
1,0,0,0,1,1,1,4.9,R,0,0,7,0,7,0,,0,7,252,0,0,252,2100,217,126,1.00722,110,0.032666667,0,0,4.9,4.9,72.81936607,18.90813274,72.81936607,18.9081327399999,MEDIUM RISE,0,0
1,0,0,0,1,1,1,0.19,C,0,3,0,3,0,0,,0,3,0,192,0,192,570,12,159,0.08,111,0.007333333,0,0,0.19,0.19,72.81372515,18.9053421,72.8137251499999,18.9053420999999,LOW RISE,0,0
1,0,0,0,1,1,1,7.62444444444,RC,3,4,0,4,3,0,,0,7,0,256,528,784,2350,139,293,1.61867,112,0.033111111,0,0,7.62444444444,7.62444,72.81657485,18.90535789,72.8165748499999,18.90535789,LOW HIGH RISE,0,0
1,0,0,0,1,1,1,69.3333333333,RC,10,0,4,4,10,0,,0,14,144,0,1760,1904,6500,438,502,5.61556,113,0.096444444,0,0,69.3333333333,69.3333,72.80522515,18.90254211,72.8052251499999,18.9025421099999,MED HIGH RISE,0,0
1,0,0,0,1,1,1,1275.94133332999,RC,19,0,70,17,72,0,,0,89,2520,0,3344,5864,31070,2541,2453,19.6481999999999,114,0.474444444,9,6.5,1275.94133333,1275.94,72.81526607,19.00563274,72.81526607,19.0056327399999,MED HIGH RISE,0,0
1,0,0,0,1,1,1,276.466666667,RC,10,0,30,15,25,0,Hospital,0,40,1080,0,1760,2840,14300,980,1410,9.35666999999999,115,0.217777778,3,5,276.466666667,276.467,72.81812515,19.0056421,72.81812515,19.0056420999999,MED HIGH RISE,1,1
1,0,0,0,1,1,1,640,RCS,0,0,80,3,65,0,School_offices,12,80,2880,0,0,2880,24000,2156,1800,11.5111,116,0.373333333,4,10.75,640,640,72.82097455,19.00570788,72.82097455,19.0057078799999,MEDIUM RISE,1,1
1,0,0,0,1,1,1,360.294222221999,RSCI,7,50,20,40,15,20,Office,2,77,720,3200,1232,5152,19210,865,2939,7.73911,117,0.27,8,15.25,360.294222222,360.294,72.82382515,19.0057421,72.82382515,19.0057420999999,LOW MED HIGH RISE,0,0
1,0,0,0,1,1,1,102.4,CI,0,0,32,20,0,12,Mills_Offices,0,32,1152,0,0,1152,9600,248,1436,4.60444,118,0.149333333,3,7,102.4,102.4,72.82667485,19.00575789,72.82667485,19.00575789,MEDIUM RISE,0,0
1,0,0,0,1,1,1,488.699999999999,RSCI,20,0,25,31,6,5,School_Theater,3,45,900,0,3520,4420,18100,678,2315,13.6771999999999,119,0.272222222,4,9.33,488.7,488.7,72.82952545,19.00579212,72.82952545,19.0057921199999,MED HIGH RISE,0,0
1,0,0,0,1,1,1,1001.992,RCS,18,60,30,50,50,0,Offices,8,108,1080,3840,3168,8088,29940,1980,3966,14.9887,120,0.426666667,7,6.5,1001.992,1001.99,72.83237485,19.0058579,72.8323748499999,19.0058578999999,LOW MED HIGH RISE,1,1
1,0,0,0,1,1,1,1183.65688888999,RSCI,4,20,90,25,81,4,School,4,114,3240,1280,704,5224,32920,2742,3088,15.4993,121,0.5,8,8,1183.65688889,1183.66,72.83805,19.0059,72.8380499999999,19.0059,LOW MED HIGH RISE,1,1
1,0,0,0,3,1,1,1190.58133333,RCS,4,0,100,30,68,0,School,6,104,3600,0,704,4304,32120,2418,3228,16.4049,122,0.497777778,7,13.8,1190.58133333,1190.58,72.8409,19.00595,72.8409,19.0059499999999,MED HIGH RISE,3,3
1,0,0,0,2,1,1,1343.90533333,RSCI,7,0,100,11,90,1,Hospital,5,107,3600,0,1232,4832,33710,2996,2534,17.9168999999999,123,0.521111111,8,9.5,1343.90533333,1343.91,72.84375,19.00595,72.84375,19.0059499999999,MED HIGH RISE,2,2
3,3,3,1,2,3,10,2553.286,RIC,28,100,51,37,140,2,,0,179,2160,6400,3344,1190,47070,4597,4464,24.117,124,0.700222222,22,6.5,2553.286,2553.29,72.8466,19.006,72.8465999999999,19.006,LOW MED HIGH RISE,6,2
1,0,0,0,1,1,1,933.333111110999,RSCI,3,160,15,20,127,30,School,1,178,540,1024,528,2092,36490,3907,3401,7.937,125,0.484444444,10,8.5,933.333111111,933.333,72.84945,19.00605,72.84945,19.0060499999999,LOW MED HIGH RISE,1,1
1,0,0,0,1,1,1,260.216888889,RS,4,50,18,0,52,0,Hospital_School,20,72,648,3200,704,4552,17020,1702,1482,5.93933,126,0.237333333,6,6.33,260.216888889,260.217,72.8523,19.00605,72.8523,19.0060499999999,LOW MED HIGH RISE,0,0
1,0,0,0,3,1,1,948.154666667,R,14,120,8,0,142,0,,0,142,288,7680,2464,1043,32620,4182,2082,11.4071,127,0.439555556,8,6.86,948.154666667,948.155,72.85515,19.0061,72.8551499999999,19.0061,LOW MED HIGH RISE,3,3
1,0,0,0,1,1,1,70.328,R,6,0,13,0,19,0,,0,19,468,0,1056,1524,7080,649,396,4.89456,128,0.107333333,3,6,70.328,70.328,72.81245,19.00285,72.8124499999999,19.0028499999999,MED HIGH RISE,0,0
1,0,0,0,1,1,1,420.788,RCS,11,0,40,14,31,0,Collage,6,51,1440,0,1936,3376,17830,1229,1697,11.2996,129,0.272222222,4,11,420.788,420.788,72.81529152,19.00292485,72.81529152,19.0029248499999,MED HIGH RISE,1,1
1,0,0,0,1,1,1,766.685333333,RS,2,0,83,0,83,0,Collage,2,85,2988,0,352,3340,25960,2613,1588,12.9507999999999,130,0.402888889,5,17,766.685333333,766.685,72.81815,19.00295,72.81815,19.0029499999999,MED HIGH RISE,0,0
1,0,0,0,1,1,1,1102.5,RS,0,0,105,0,100,0,Collage,5,105,3780,0,0,3780,31500,3150,1990,15.1083,131,0.49,8,6.63,1102.5,1102.5,72.82100848,19.00297515,72.82100848,19.00297515,MEDIUM RISE,1,1
1,0,0,0,1,1,1,270.709999999999,RIC,12,51,0,15,3,45,Mills,0,63,0,3264,2112,5376,16050,570,1812,7.408,132,0.218,6,10,270.71,270.71,72.82384121,19.00302485,72.8238412099999,19.0030248499999,LOW HIGH RISE,0,0
1,0,0,0,1,1,1,138.603111111,SI,9,14,10,0,0,14,Corporate Office,19,33,360,896,1584,2840,10430,364,1055,6.34822,133,0.150888889,6,14.5,138.603111111,138.603,72.8267,19.00305,72.8267,19.00305,LOW MED HIGH RISE,0,0
1,0,0,0,1,1,1,944.831999999999,RSCI,12,0,70,20,40,3,Crporate Office,19,82,2520,0,2112,4632,27360,1717,2779,16.1202,134,0.42,5,8,944.832,944.832,72.82955879,19.00307515,72.8295587899999,19.00307515,MED HIGH RISE,1,1
1,0,0,0,1,1,1,135.111111111,C,0,80,0,80,0,0,Warehouse_railway,0,80,0,5120,0,5120,15200,320,4240,2.13333,135,0.195555556,4,5.5,135.111111111,135.111,72.83239152,19.00312485,72.83239152,19.0031248499999,LOW RISE,0,0
1,0,0,0,2,1,1,103.444444444,CI,0,70,0,69,0,1,Railway_Warehouse,0,70,0,4480,0,4480,13300,282,3675,1.86667,136,0.171111111,5,9,103.444444444,103.444,72.83522515,19.00314211,72.8352251499999,19.0031421099999,LOW RISE,2,2
1,0,0,0,1,1,1,1242.82133333,RSCI,1,40,90,48,72,4,Office,7,131,3240,2560,176,5976,35130,2564,4247,14.5207,137,0.525555556,10,7.5,1242.82133333,1242.82,72.83808333,19.00318333,72.83808333,19.0031833299999,LOW MED HIGH RISE,0,0
1,0,0,0,2,1,1,910.817999999999,RCS,9,0,75,18,50,0,School_Hospital,16,84,2700,0,1584,4284,27270,1926,2633,15.3277,138,0.42,6,6.6,910.818,910.818,72.84091667,19.00321667,72.8409166699999,19.00321667,MED HIGH RISE,2,2
1,0,0,0,1,1,1,291.6,RS,0,0,54,0,14,0,Collages,40,54,1944,0,0,1944,16200,834,1772,7.77,139,0.252,4,7.86,291.6,291.6,72.84377485,19.00325789,72.84377485,19.00325789,MEDIUM RISE,1,1
2,1,2,0,2,3,5,258.734666667,RCS,16,0,15,4,20,1,,6,31,540,0,2816,3356,12980,877,987,10.2223,140,0.194444444,3,7.33,258.734666667,258.735,72.84663393,19.00326726,72.8466339299999,19.00326726,MED HIGH RISE,5,2
1,0,0,0,1,1,1,1592.53755556,RS,17,130,25,0,171,0,School,1,172,900,8320,2992,1221,41210,5091,2619,15.6319,141,0.566666667,16,17.2899999999999,1592.53755556,1592.54,72.84946607,19.00333274,72.84946607,19.00333274,LOW MED HIGH RISE,1,1
1,0,0,0,1,1,1,65.0879999999999,R,6,0,12,0,18,0,,0,18,432,0,1056,1488,6780,618,378,4.75067,142,0.102666667,1,4,65.088,65.088,72.85232515,19.00334211,72.8523251499999,19.0033421099999,MED HIGH RISE,0,0
1,0,0,0,1,1,1,325.862444444,RIC,9,70,3,9,61,12,Corporate_Office,0,82,108,4480,1584,6172,18970,1942,1627,6.83433,143,0.255111111,6,6.25,325.862444444,325.862,72.85518333,19.00338333,72.85518333,19.0033833299999,LOW MED HIGH RISE,0,0
1,0,0,0,1,1,1,5.40444444444,I,0,16,0,0,0,16,,0,16,0,1024,0,1024,3040,96,288,0.426667,144,0.039111111,3,5,5.40444444444,5.40444,72.85801667,19.00341667,72.8580166699999,19.00341667,LOW RISE,0,0
1,0,0,0,1,1,1,1153.37866667,RS,2,200,10,0,209,0,Collage,3,212,360,1280,352,1992,42060,5929,2894,7.78022,145,0.551111111,17,8.14,1153.37866667,1153.38,72.81532545,19.00019212,72.81532545,19.00019212,LOW MED HIGH RISE,1,1
1,0,0,0,1,1,1,963.336888888999,RC,4,50,65,50,69,0,,0,119,2340,3200,704,6244,31120,2379,3928,12.7021,146,0.456666667,8,5,963.336888889,963.337,72.82102515,19.0002421,72.8210251499999,19.0002421,LOW MED HIGH RISE,1,1
1,0,0,0,1,1,1,349.247999999999,RCS,4,0,50,8,40,0,School,6,54,1800,0,704,2504,17120,1396,1448,9.21044,147,0.264444444,2,17.5,349.248,349.248,72.82387455,19.00030788,72.8238745499999,19.00030788,MED HIGH RISE,1,1
1,2,1,0,2,3,4,170.888,RCS,14,0,10,8,8,0,Office,8,24,360,0,2464,2824,10420,524,1038,8.49489,148,0.155555556,3,11.67,170.888,170.888,72.82672515,19.00034211,72.82672515,19.0003421099999,MED HIGH RISE,6,2
1,0,0,0,1,1,1,133.136444444,RIC,3,20,20,8,15,20,,0,43,720,1280,528,2528,11390,671,1121,4.92311,149,0.165555556,9,14.6,133.136444444,133.136,72.82957485,19.0003579,72.82957485,19.0003579,LOW MED HIGH RISE,1,1
1,0,0,0,1,1,1,140.044444443999,RI,0,50,14,0,14,50,Railway_workshop,0,64,504,3200,0,3704,13700,734,1152,3.34778,150,0.187555556,11,12.33,140.044444444,140.044,72.83242545,19.00039212,72.83242545,19.00039212,LOW MED RISE,0,0
1,0,0,0,1,1,1,312.105333332999,RCS,7,0,40,15,22,0,Collage,10,47,1440,0,1232,2672,15710,957,1709,9.28356,151,0.241111111,2,15.17,312.105333333,312.105,72.83812515,19.00044211,72.8381251499999,19.00044211,MED HIGH RISE,0,0
3,2,2,1,1,3,8,1787.62533333,RCS,8,80,77,50,108,0,Collage Hospital,7,165,2772,5120,1408,9300,42540,3608,4782,17.2448,152,0.617111111,18,10,1787.62533333,1787.63,72.84097455,19.00050788,72.8409745499999,19.00050788,LOW MED HIGH RISE,3,1
1,0,0,0,1,1,1,2018.90577778,RSCI,6,80,90,30,130,2,Hospital and ware house,14,176,3240,5120,1056,9416,45380,4218,4312,18.1072999999999,153,0.662222222,19,10.2899999999999,2018.90577778,2018.91,72.84382515,19.00054211,72.84382515,19.00054211,LOW MED HIGH RISE,1,1
3,2,2,1,1,3,8,1083.25688889,RCS,14,130,10,26,120,0,Collage,8,154,360,8320,2464,1114,35120,3732,3448,11.9616,154,0.473333333,9,8.25,1083.25688889,1083.26,72.84667485,19.00055789,72.8466748499999,19.00055789,LOW MED HIGH RISE,3,1
1,0,0,0,1,1,1,1284.22311110999,RSCI,3,230,0,20,197,14,,2,233,0,1472,528,2000,45290,5733,3981,7.64533,155,0.585555556,19,7,1284.22311111,1284.22,72.84952545,19.00059212,72.84952545,19.00059212,LOW HIGH RISE,0,0
1,0,0,0,1,1,1,140.608,R,4,60,0,0,64,0,,0,64,0,3840,704,4544,13520,1844,888,3.616,156,0.177777778,5,7.6,140.608,140.608,72.85237485,19.00065789,72.85237485,19.0006578899999,LOW HIGH RISE,0,0
1,0,0,0,2,1,1,528.444444444,RC,0,140,8,100,48,0,Railway Station,0,148,288,8960,0,9248,29000,1768,5964,4.88444,157,0.379555556,8,9,528.444444444,528.444,72.85522515,19.00064211,72.8552251499999,19.00064211,LOW MED RISE,2,2
1,0,0,0,1,1,1,743.319111110999,RIC,6,100,25,6,117,8,,0,131,900,6400,1056,8356,29680,3501,2192,9.28789,158,0.407777778,5,11,743.319111111,743.319,72.81537455,18.99750788,72.81537455,18.99750788,LOW MED HIGH RISE,1,1
1,0,0,0,1,1,1,362.332444443999,RIC,9,20,30,20,17,22,,0,59,1080,1280,1584,3944,17570,895,1953,9.38599999999999,159,0.258888889,9,10,362.332444444,362.332,72.82107485,18.9975579,72.82107485,18.9975579,LOW MED HIGH RISE,0,0
3,1,3,1,1,4,8,810.939111110999,RSCI,6,130,15,40,90,20,School and Mill,1,151,540,8320,1056,9916,32380,2930,3842,8.64899999999999,160,0.434444444,9,14.33,810.939111111,810.939,72.82392545,18.99759212,72.82392545,18.99759212,LOW MED HIGH RISE,4,1
1,0,0,0,2,1,1,862.598666666999,RSCI,7,120,20,20,112,13,,2,147,720,7680,1232,9632,32510,3459,3014,9.60577999999999,161,0.441111111,8,13.5,862.598666667,862.599,72.82677485,18.9976579,72.82677485,18.9976579,LOW MED HIGH RISE,2,2
1,0,0,0,1,1,1,697.088888889,RIC,5,25,60,65,10,15,,0,90,2160,1600,880,4640,25400,875,4215,11.82,162,0.38,6,7.5,697.088888889,697.089,72.82962515,18.99764211,72.8296251499999,18.99764211,LOW MED HIGH RISE,0,0
1,0,0,0,1,1,1,1.71,S,0,9,0,0,0,0,Railway Yard,9,9,0,576,0,576,1710,63,297,0.24,163,0.022,1,35,1.71,1.71,72.83247455,18.99770788,72.83247455,18.99770788,LOW RISE,0,0
1,0,0,0,1,1,1,925.034666667,RSCI,16,0,60,30,39,2,Hotel and banks,5,76,2160,0,2816,4976,26480,1647,2822,16.6972999999999,164,0.404444444,5,8.5,925.034666667,925.035,72.83817485,18.99775789,72.83817485,18.9977578899999,MED HIGH RISE,1,1
3,2,2,1,3,3,8,1699.048,RCS,16,70,60,20,113,0,Collage and Hospital,13,146,2160,4480,2816,9456,39780,3723,3482,18.564,165,0.575555556,10,12.4,1699.048,1699.05,72.841,18.9978,72.8409999999999,18.9978,LOW MED HIGH RISE,9,3
2,1,2,0,1,3,5,416.778666666999,RS,2,0,60,3,30,0,Hospital,29,62,2160,0,352,2512,19060,1261,1834,9.64133,166,0.295555556,5,9.5,416.778666667,416.779,72.84385,18.99785,72.84385,18.99785,MED HIGH RISE,3,1
5,3,3,2,1,5,13,1677.95555556,RSCI,10,140,40,50,126,14,,0,190,1440,8960,1760,1216,43900,4062,4880,14.5289,167,0.606666667,18,9.5,1677.95555556,1677.96,72.84955,18.9979,72.8495499999999,18.9979,LOW MED HIGH RISE,5,1
1,0,0,0,1,1,1,844.863555556,RSCI,1,20,80,21,64,14,Collage,2,101,2880,1280,176,4336,28330,2227,2677,12.5484,168,0.43,7,11.67,844.863555556,844.864,72.8524,18.99795,72.8524,18.9979499999999,LOW MED HIGH RISE,1,1
1,0,0,0,1,1,1,1.35111111111,SI,0,8,0,0,0,6,Railway Station,2,8,0,512,0,512,1520,50,174,0.213333,169,0.019555556,3,9.33,1.35111111111,1.35111,72.85525,18.99795,72.8552499999999,18.9979499999999,LOW RISE,1,1
1,0,0,0,1,1,1,76,RSI,0,60,0,0,40,2,store room,18,60,0,3840,0,3840,11400,1258,1150,1.6,170,0.146666667,4,8,76,76,72.8581,18.998,72.8580999999999,18.998,LOW RISE,0,0
1,0,0,0,1,1,1,252.814666667,RCS,1,0,48,15,30,0,Collage,4,49,1728,0,176,1904,14930,1085,1571,7.41067,171,0.231777778,3,8.67,252.814666667,252.815,72.81543393,18.99476726,72.8154339299999,18.99476726,MED HIGH RISE,0,0
4,2,3,1,2,4,10,1947.05199999999,RSI,18,90,55,0,154,8,Hotel,1,163,1980,5760,3168,1090,43140,4766,2706,19.3858999999999,172,0.616666667,18,11.5,1947.052,1947.05,72.8211,18.99485,72.8211,18.99485,LOW MED HIGH RISE,8,2
1,0,0,0,1,1,1,118.666666667,RC,10,0,12,9,8,0,Mall,5,22,432,0,1760,2192,8900,461,946,6.76667,173,0.133777778,2,10,118.666666667,118.667,72.82395879,18.99487515,72.82395879,18.9948751499999,MED HIGH RISE,0,0
2,1,2,0,3,2,5,370.652444444,RSI,6,100,0,0,74,28,School,4,106,0,6400,1056,7456,22180,2346,1682,5.69067,174,0.291111111,8,9.27,370.652444444,370.652,72.82679152,18.99492485,72.82679152,18.99492485,LOW HIGH RISE,6,3
1,0,0,0,1,1,1,256.729777778,RIC,3,50,20,60,9,2,Collage_railway Station,2,73,720,3200,528,4448,17090,617,3541,5.72311,175,0.238888889,4,23,256.729777778,256.73,72.82965,18.99495,72.82965,18.9949499999999,LOW MED HIGH RISE,1,1
1,0,0,0,1,1,1,65.0835555556,RCS,1,50,0,32,15,0,School,4,51,0,3200,176,3376,10030,589,2037,1.83733,176,0.13,2,9,65.0835555556,65.0836,72.83250848,18.99497515,72.83250848,18.9949751499999,LOW MED HIGH RISE,0,0
1,0,0,0,3,1,1,52.3466666667,CI,1,18,12,7,3,21,Mill,0,31,432,1152,176,1760,7550,287,862,2.71067,177,0.107777778,8,18,52.3466666667,52.3467,72.83534121,18.99502485,72.8353412099999,18.99502485,LOW MED HIGH RISE,3,3
1,0,0,0,1,1,1,418.012444443999,RCS,9,50,20,24,47,0,Collage School,8,79,720,3200,1584,5504,20270,1645,2373,8.74710999999999,178,0.285555556,6,8.5,418.012444444,418.012,72.8382,18.99505,72.8382,18.9950499999999,LOW MED HIGH RISE,0,0
1,0,0,0,1,1,1,539.478666666999,RSCI,2,50,45,15,44,35,School Office,3,97,1620,3200,352,5172,24060,1684,2349,8.81633,179,0.347777778,10,8,539.478666667,539.479,72.84103393,18.99506726,72.8410339299999,18.9950672599999,LOW MED HIGH RISE,0,0
1,0,0,0,2,1,1,592.533333332999,RCS,20,0,32,7,43,0,Hospital and School,2,52,1152,0,3520,4672,20200,1602,1436,14.6844,180,0.304888889,5,15.5,592.533333333,592.533,72.84386607,18.99513274,72.84386607,18.9951327399999,MED HIGH RISE,2,2
1,0,0,0,1,1,1,1330.66866666999,RSCI,23,120,5,1,141,5,School,1,148,180,7680,4048,1190,36490,4303,2356,15.5114,181,0.495555556,9,16.3299999999999,1330.66866667,1330.67,72.84672515,18.99514211,72.8467251499999,18.99514211,LOW MED HIGH RISE,0,0
1,0,0,0,1,1,1,1439.85688888999,RCS,4,230,4,28,198,12,,0,238,144,1472,704,2320,47020,5792,4350,8.72489,182,0.612,22,5.1,1439.85688889,1439.86,72.84958333,18.99518333,72.84958333,18.99518333,LOW MED HIGH RISE,0,0
1,0,0,0,1,1,1,318.425333333,RIC,2,105,3,15,62,33,,0,110,108,6720,352,7180,21910,2029,2238,4.23967,183,0.286222222,2,7.5,318.425333333,318.425,72.85241667,18.99521667,72.8524166699999,18.99521667,LOW MED HIGH RISE,0,0
1,0,0,0,2,1,1,140.044444443999,RCS,0,50,14,11,50,0,Mall,3,64,504,3200,0,3704,13700,1507,1402,3.34778,184,0.187555556,5,8.33,140.044444444,140.044,72.81545,18.99205,72.8154499999999,18.9920499999999,LOW MED RISE,2,2
1,0,0,0,1,1,1,174.885333333,R,2,80,0,0,82,0,,0,82,0,5120,352,5472,16260,2322,1094,3.14133,185,0.211111111,6,9,174.885333333,174.885,72.82112515,18.99214211,72.82112515,18.99214211,LOW HIGH RISE,1,1
1,1,1,0,2,2,3,250,RIC,0,0,50,10,11,29,,0,50,1800,0,0,1800,15000,672,1445,7.19444,186,0.233333333,5,21.67,250,250,72.82397485,18.9921579,72.8239748499999,18.9921578999999,MEDIUM RISE,4,2
1,0,0,0,2,1,1,211.599999999999,R,0,0,46,0,46,0,,0,46,1656,0,0,1656,13800,1426,828,6.61889,187,0.214666667,6,9.25,211.6,211.6,72.82967485,18.99225789,72.82967485,18.99225789,MEDIUM RISE,2,2
2,3,2,0,4,4,7,397.8,RSI,53,21,0,0,50,21,Shopping complex,3,74,1908,1344,0,3252,19890,1706,1392,8.18610999999999,188,0.298666667,9,13.14,397.8,397.8,72.83252515,18.99224211,72.8325251499999,18.9922421099999,LOW MED RISE,16,4
1,0,0,0,1,1,1,242.447777777999,RSI,0,89,8,0,45,50,School and Mills,2,97,288,5696,0,5984,19310,1598,1591,3.52444,189,0.254888889,10,26,242.447777778,242.448,72.83537455,18.99230788,72.8353745499999,18.9923078799999,LOW MED RISE,0,0
1,0,0,0,1,1,1,886.558666667,RIC,13,30,50,6,57,30,paper mills,0,93,1800,1920,2288,6008,27590,2119,2031,14.5464,190,0.407777778,6,10.67,886.558666667,886.559,72.83822515,18.99234211,72.83822515,18.9923421099999,LOW MED HIGH RISE,1,1
1,0,0,0,1,1,1,759.666666666999,RI,5,140,10,0,115,40,Mill,0,155,360,8960,880,1020,32250,3555,2335,7.69222,191,0.427777778,10,11,759.666666667,759.667,72.84107485,18.99235789,72.8410748499999,18.99235789,LOW MED HIGH RISE,0,0
3,2,3,1,2,3,9,2264.35199999999,RC,12,240,10,6,256,0,,0,262,360,1536,2112,4008,54960,7378,3864,13.8869,192,0.726666667,25,10.5,2264.352,2264.35,72.84392545,18.99239212,72.84392545,18.99239212,LOW MED HIGH RISE,6,2
1,0,0,0,1,1,1,529.74,RIC,0,147,5,15,105,32,,0,152,180,9408,0,9588,29430,3207,2761,4.63944,193,0.382666667,1,4,529.74,529.74,72.84677485,18.99245789,72.84677485,18.99245789,LOW MED RISE,0,0
1,0,0,0,1,1,1,669.695777777999,RCS,3,128,15,100,38,8,,0,146,540,8192,528,9260,30410,1596,6055,7.08367,194,0.406222222,8,13.75,669.695777778,669.696,72.84962515,18.99244211,72.8496251499999,18.9924421099999,LOW MED HIGH RISE,0,0
1,0,0,0,1,1,1,190.527777778,CI,0,95,0,80,0,15,,0,95,0,6080,0,6080,18050,410,4510,2.53333,195,0.232222222,7,14.5,190.527777778,190.528,72.85247455,18.99250788,72.8524745499999,18.99250788,LOW RISE,0,0
1,0,0,0,1,1,1,281.205333333,RC,22,0,4,4,22,0,,0,26,144,0,3872,4016,12860,930,826,11.6636,196,0.189777778,4,7,281.205333333,281.205,72.81262515,18.98934211,72.81262515,18.9893421099999,MED HIGH RISE,0,0
1,0,0,0,1,1,1,463.408,RS,1,120,10,0,120,0,Collage,11,131,360,7680,176,8216,26330,3480,1987,5.14289,197,0.347777778,4,8,463.408,463.408,72.81547485,18.9893579,72.81547485,18.9893579,LOW MED HIGH RISE,1,1
1,0,0,0,2,1,1,490,RI,0,0,70,0,53,17,Industry,0,70,2520,0,0,2520,21000,1796,1345,10.0722,198,0.326666667,6,15,490,490,72.82402515,18.98944211,72.8240251499999,18.9894421099999,LOW MED RISE,2,2
1,0,0,0,1,1,1,219.639999999999,CI,0,102,0,30,0,72,,0,102,0,6528,0,6528,19380,552,2886,2.72,199,0.249333333,11,9,219.64,219.64,72.82687455,18.98950788,72.8268745499999,18.98950788,LOW RISE,0,0
2,1,2,0,1,4,5,251.377777778,CI,0,100,4,4,0,100,,0,104,144,6400,0,6544,20200,628,2032,3.24222,200,0.263111111,16,12.67,251.377777778,251.378,72.82972515,18.98954211,72.82972515,18.9895421099999,LOW MED RISE,3,1
1,0,0,0,1,1,1,485.715555556,RSCI,8,34,35,15,53,5,School,4,77,1260,2176,1408,4844,21200,1811,1993,9.97478,201,0.308666667,5,15.5,485.715555556,485.716,72.83257485,18.98955789,72.83257485,18.98955789,LOW MED HIGH RISE,0,0
1,0,0,0,1,1,1,611.802,RIC,6,51,40,10,47,40,,0,97,1440,3264,1056,5760,24870,1794,2145,10.1396,202,0.358,10,7.5,611.802,611.802,72.83542545,18.98959212,72.83542545,18.98959212,LOW MED HIGH RISE,0,0
1,0,0,0,1,1,1,776.267555556,RIC,17,40,30,12,55,20,,0,87,1080,2560,2992,6632,25610,2019,2099,13.9513,203,0.37,6,8.5,776.267555556,776.268,72.83827485,18.98965789,72.83827485,18.98965789,LOW MED HIGH RISE,0,0
1,0,0,0,1,1,1,1538.06755556,R,8,160,30,0,198,0,,0,198,1080,1024,1408,3512,43640,5738,2836,12.6153,204,0.593333333,18,18,1538.06755556,1538.07,72.84112515,18.98964211,72.8411251499999,18.9896421099999,LOW MED HIGH RISE,1,1
1,0,0,0,1,1,1,886.277777777999,RS,0,40,75,0,109,0,School and Collage,6,115,2700,2560,0,5260,30100,3319,1990,11.8583,205,0.447777778,7,10,886.277777778,886.278,72.84397455,18.98970788,72.8439745499999,18.98970788,LOW MED RISE,0,0
1,0,0,0,1,1,1,261.944444444,R,0,100,5,0,105,0,,0,105,180,6400,0,6580,20500,2955,1390,3.38611,206,0.267777778,3,7,261.944444444,261.944,72.84682515,18.9897421,72.84682515,18.9897421,LOW MED RISE,0,0
1,0,0,0,1,1,1,135.111111111,CS,0,80,0,70,0,10,Tool shops,0,80,0,5120,0,5120,15200,340,3890,2.13333,207,0.195555556,4,16.5,135.111111111,135.111,72.8525,18.9898,72.8525,18.9897999999999,LOW RISE,1,1
1,0,0,0,1,1,1,931,RSI,0,210,0,0,140,0,DOCK,70,210,0,1344,0,1344,39900,4410,4130,5.6,208,0.513333333,2,9,931,931,72.85535,18.98985,72.85535,18.98985,LOW RISE,0,0
1,0,0,0,1,1,1,427.738666667,RCS,2,120,5,10,116,0,Staduim_Indoor,1,127,180,7680,352,8212,25360,3336,2124,4.92744,209,0.332222222,2,10,427.738666667,427.739,72.81552515,18.98664211,72.8155251499999,18.9866421099999,LOW MED HIGH RISE,0,0
1,0,0,0,1,1,1,6.4,C,0,0,8,8,0,0,,0,8,288,0,0,288,2400,56,464,1.15111,210,0.037333333,3,13.67,6.4,6.4,72.82407485,18.98675789,72.82407485,18.98675789,MEDIUM RISE,1,1
1,0,0,0,1,1,1,76.9986666667,RC,7,0,12,5,14,0,,0,19,432,0,1232,1664,7310,539,605,5.25467,211,0.110444444,1,18.3999999999999,76.9986666667,76.9987,72.8269,18.9868,72.8268999999999,18.9867999999999,MED HIGH RISE,1,1
2,2,2,1,2,3,7,615.765333332999,RI,2,80,36,0,100,18,,0,118,1296,5120,352,6768,27060,3042,1832,8.32133,212,0.379111111,8,12.6,615.765333333,615.765,72.82977485,18.98685789,72.82977485,18.98685789,LOW MED HIGH RISE,5,2
1,0,0,0,1,1,1,709.166666666999,RSCI,5,90,30,27,80,14,collage railway station,4,125,1080,5760,880,7720,28750,2615,3075,9.23667,213,0.398888889,8,8,709.166666667,709.167,72.8326,18.98685,72.8325999999999,18.98685,LOW MED HIGH RISE,0,0
2,2,2,1,1,3,7,968.021333333,RSCI,4,40,70,60,34,15,School,5,114,2520,2560,704,5784,30720,1579,4463,13.1549,214,0.455555556,7,12,968.021333333,968.021,72.83545,18.9869,72.8354499999999,18.9868999999999,LOW MED HIGH RISE,3,1
2,1,2,0,3,2,5,620.277777777999,RIC,0,160,5,2,103,60,Mills,0,165,180,1024,0,1204,31900,3267,2550,4.98611,215,0.414444444,5,11,620.277777778,620.278,72.8383,18.98695,72.8383,18.98695,LOW MED RISE,5,3
1,0,0,0,1,1,1,597.984444444,RIC,0,112,25,10,50,70,Electricity Board,7,137,900,7168,0,8068,28780,1984,2796,6.58389,216,0.390444444,9,12.25,597.984444444,597.984,72.84115,18.98695,72.8411499999999,18.98695,LOW MED RISE,1,1
1,0,0,0,2,1,1,591.111111111,RSCI,0,100,30,30,89,10,FireRailway Station_academy,1,130,1080,6400,0,7480,28000,2769,3110,6.98333,217,0.384444444,5,6,591.111111111,591.111,72.844,18.987,72.8439999999999,18.9869999999999,LOW MED RISE,2,2
1,0,0,0,1,1,1,261.944444444,CS,0,100,5,85,0,0,Mills,20,105,180,6400,0,6580,20500,495,5190,3.38611,218,0.267777778,3,4.67,261.944444444,261.944,72.84685,18.98705,72.84685,18.98705,LOW MED RISE,1,1
1,0,0,0,1,1,1,211.111111111,I,0,100,0,0,0,100,,0,100,0,6400,0,6400,19000,600,1800,2.66667,219,0.244444444,15,13,211.111111111,211.111,72.85252545,18.98709212,72.85252545,18.98709212,LOW RISE,1,1
1,0,0,0,1,1,1,1310.4,RC,0,240,4,4,240,0,,0,244,144,1536,0,1680,46800,6748,3352,6.97556,220,0.605333333,21,6.67,1310.4,1310.4,72.82693393,18.98406726,72.8269339299999,18.98406726,LOW MED RISE,1,1
1,0,0,0,1,1,1,500.527777777999,RSI,0,65,40,0,69,16,Hospital,20,105,1440,4160,0,5600,24350,2288,2045,7.48889,221,0.345555556,5,18.3299999999999,500.527777778,500.528,72.82976607,18.98413274,72.82976607,18.98413274,LOW MED RISE,1,1
1,0,0,0,1,1,1,66.1479999999999,R,7,12,4,0,23,0,,0,23,144,768,1232,2144,7190,747,417,4.42356,222,0.102444444,3,16,66.148,66.148,72.83262515,18.98414211,72.8326251499999,18.98414211,LOW MED HIGH RISE,0,0
1,0,0,0,1,1,1,165.828,R,11,0,16,0,23,0,Collage,4,27,576,0,1936,2512,10630,863,665,7.84622,223,0.160222222,2,10.67,165.828,165.828,72.83548333,18.98418333,72.83548333,18.98418333,MED HIGH RISE,0,0
1,0,0,0,1,1,1,1218.75,RSI,25,100,5,0,89,40,Hotel,1,130,180,6400,4400,1098,33750,3079,2285,15.9861,224,0.462222222,10,13,1218.75,1218.75,72.83831667,18.98421667,72.8383166699999,18.9842166699999,LOW MED HIGH RISE,0,0
1,0,0,0,2,1,1,406.975777778,RSCI,9,80,5,24,30,40,Mill,0,94,180,5120,1584,6884,21470,1308,2533,7.38878,225,0.288888889,5,8.25,406.975777778,406.976,72.84117485,18.98425789,72.84117485,18.9842578899999,LOW MED HIGH RISE,2,2
1,0,1,0,1,3,2,8.44444444444,I,0,20,0,0,0,20,,0,20,0,1280,0,1280,3800,120,360,0.533333,226,0.048888889,6,6.5,8.44444444444,8.44444,72.84686607,18.98433274,72.84686607,18.9843327399999,LOW RISE,3,1
1,0,0,0,1,1,1,103.444444444,RS,0,70,0,0,50,0,warehouse,20,70,0,4480,0,4480,13300,1540,1310,1.86667,227,0.171111111,5,8.69999999999999,103.444444444,103.444,72.84972515,18.9843421,72.8497251499999,18.9843420999999,LOW RISE,0,0
2,1,2,0,2,4,5,52.7777777777999,S,0,50,0,0,0,50,warehouse,0,50,0,3200,0,3200,9500,350,1650,1.33333,228,0.122222222,8,14,52.7777777778,52.7778,72.85258333,18.98438333,72.85258333,18.98438333,LOW RISE,8,2
1,0,0,0,1,1,1,33.7777777777999,S,0,40,0,0,0,0,Warehouse,40,40,0,2560,0,2560,7600,280,1320,1.06667,229,0.097777778,1,12,33.7777777778,33.7778,72.85541667,18.98441667,72.8554166699999,18.98441667,LOW RISE,0,0
1,0,0,0,1,1,1,25.6,R,0,0,16,0,16,0,,0,16,576,0,0,576,4800,496,288,2.30222,230,0.074666667,1,8,25.6,25.6,72.81557485,18.98125789,72.81557485,18.9812578899999,MEDIUM RISE,0,0
3,2,2,1,3,3,8,1947.91666667,RCS,5,120,71,30,160,0,BMC office and temples,6,196,2556,7680,880,1111,46750,4920,4293,15.9361,231,0.663555556,20,13.5,1947.91666667,1947.92,72.82697485,18.98135789,72.8269748499999,18.98135789,LOW MED HIGH RISE,8,3
1,0,0,0,1,1,1,567.937999999999,RSCI,6,45,40,15,68,4,School,4,91,1440,2880,1056,5376,23730,2214,2167,9.97955999999999,232,0.343333333,6,25,567.938,567.938,72.82982545,18.98139212,72.82982545,18.9813921199999,LOW MED HIGH RISE,1,1
1,0,0,0,1,1,1,255.522222222,RSCI,7,26,22,15,23,7,,10,55,792,1664,1232,3688,15250,973,1758,7.38689,233,0.220666667,4,12.25,255.522222222,255.522,72.83552515,18.98144211,72.8355251499999,18.98144211,LOW MED HIGH RISE,0,0
2,2,2,1,1,3,7,600.392,RIC,7,100,14,16,90,15,Mills,0,121,504,6400,1232,8136,26910,2807,2456,8.20911,234,0.364222222,5,17.1999999999999,600.392,600.392,72.83837455,18.98150788,72.8383745499999,18.9815078799999,LOW MED HIGH RISE,3,1
1,0,0,0,2,1,1,1125.03644444,RSCI,12,110,26,10,120,15,BMC office,3,148,936,7040,2112,1008,35060,3745,2757,12.7224,235,0.483555556,11,9.09,1125.03644444,1125.04,72.84122515,18.9815421,72.84122515,18.9815420999999,LOW MED HIGH RISE,2,2
1,1,1,0,2,2,3,103.444444444,RI,0,70,0,0,40,30,,0,70,0,4480,0,4480,13300,1300,1060,1.86667,236,0.171111111,10,9.75,103.444444444,103.444,72.84977485,18.98165789,72.84977485,18.98165789,LOW RISE,4,2
1,0,0,0,1,1,1,530.810222221999,R,11,100,0,0,111,0,,0,111,0,6400,1936,8336,24830,3251,1597,8.21067,237,0.33,5,7,530.810222222,530.81,72.81847485,18.97855789,72.81847485,18.97855789,LOW HIGH RISE,0,0
5,3,3,1,1,5,12,1136.78888889,RSCI,5,160,20,70,110,3,school,2,185,720,1024,880,2624,39050,3517,5430,9.66444,238,0.523333333,11,12.5,1136.78888889,1136.79,72.82987455,18.97870788,72.82987455,18.97870788,LOW MED HIGH RISE,5,1
1,0,0,0,1,1,1,213.314666667,RSCI,4,25,25,20,23,6,,5,54,900,1600,704,3204,14370,922,1813,6.27989,239,0.208888889,5,9,213.314666667,213.315,72.8327,18.97875,72.8327,18.97875,LOW MED HIGH RISE,0,0
1,0,0,0,1,1,1,742,RIC,0,120,30,50,83,17,,0,150,1080,7680,0,8760,31800,2716,4185,7.51667,240,0.433333333,9,16,742,742,72.84125,18.97885,72.84125,18.97885,LOW MED RISE,1,1
1,0,0,0,1,1,1,268,RIC,0,90,10,20,70,10,,0,100,360,5760,0,6120,20100,2130,2200,3.83889,241,0.266666667,5,11.25,268,268,72.8441,18.97885,72.8440999999999,18.97885,LOW MED RISE,0,0
1,0,0,0,1,1,1,500.5,RIC,0,120,15,80,15,40,,0,135,540,7680,0,8220,27300,1025,5230,5.35833,242,0.363333333,6,3,500.5,500.5,72.84695,18.9789,72.84695,18.9788999999999,LOW MED RISE,0,0
1,0,0,0,1,1,1,1047.77777778,RIC,0,200,10,50,130,30,Industry,0,210,360,1280,0,1640,41000,4050,4930,6.77222,243,0.535555556,16,10.75,1047.77777778,1047.78,72.8498,18.97895,72.8498,18.97895,LOW MED RISE,1,1
3,2,2,1,3,3,8,1346.68355556,RCS,26,25,45,22,72,0,School,2,96,1620,1600,4576,7796,32030,2591,2757,20.2456999999999,244,0.473333333,12,9.33,1346.68355556,1346.68,72.80711667,18.97571667,72.8071166699999,18.97571667,LOW MED HIGH RISE,8,3
2,2,2,1,2,3,7,690.316666667,RC,25,0,27,10,42,0,,0,52,972,0,4400,5372,21350,1622,1561,16.4849999999999,245,0.320444444,5,9,690.316666667,690.317,72.80997485,18.97575789,72.80997485,18.97575789,MED HIGH RISE,6,2
2,2,2,1,2,3,7,683.466666667,RSCI,10,0,60,15,51,1,Mall,3,70,2160,0,1760,3920,23300,1825,2015,13.6732999999999,246,0.357777778,5,15,683.466666667,683.467,72.81280848,18.97577515,72.81280848,18.97577515,MED HIGH RISE,6,2
1,0,0,0,1,1,1,650.144444443999,RC,0,155,9,15,149,0,,0,164,324,9920,0,1024,32150,4259,2777,5.42833,247,0.420888889,8,12.4,650.144444444,650.144,72.8185,18.97585,72.8185,18.97585,LOW MED RISE,1,1
3,2,2,1,1,3,8,1166.20533333,RSCI,28,10,40,15,51,2,School_office,10,78,1440,640,4928,7008,28740,2054,2416,20.1342,248,0.428888889,7,12,1166.20533333,1166.21,72.82419152,18.97592485,72.8241915199999,18.9759248499999,LOW MED HIGH RISE,3,1
1,0,0,0,1,1,1,1649.07777777999,RSCI,15,50,70,20,106,7,School,2,135,2520,3200,2640,8360,38450,3509,3190,18.9655999999999,249,0.565555556,10,17.67,1649.07777778,1649.08,72.82705,18.97595,72.82705,18.97595,LOW MED HIGH RISE,0,0
4,2,3,1,3,4,10,1886.79977778,RCS,3,160,55,40,164,14,,0,218,1980,1024,528,3532,48490,5040,4821,13.6926,250,0.671111111,22,10.17,1886.79977778,1886.8,72.82990848,18.97597515,72.82990848,18.97597515,LOW MED HIGH RISE,12,3
1,0,0,0,1,1,1,853.258666667,RSCI,8,50,50,20,76,3,School_railway staion,9,108,1800,3200,1408,6408,28740,2543,2761,12.5597999999999,251,0.417777778,7,7,853.258666667,853.259,72.83271667,18.97601667,72.8327166699999,18.97601667,LOW MED HIGH RISE,0,0
1,0,0,0,1,1,1,1043.73333333,RSCI,10,40,60,40,59,6,School_Godown,5,110,2160,2560,1760,6480,30900,2193,3600,14.74,252,0.455555556,8,16.67,1043.73333333,1043.73,72.83557485,18.97605789,72.83557485,18.97605789,LOW MED HIGH RISE,0,0
1,0,0,0,1,1,1,900.587999999999,R,1,90,50,0,141,0,,0,141,1800,5760,176,7736,32630,4111,2097,10.0984,253,0.461111111,7,18.5,900.588,900.588,72.83843393,18.97606726,72.8384339299999,18.97606726,LOW MED HIGH RISE,1,1
1,0,0,0,1,1,1,1035.53333333,RC,10,60,50,50,70,0,,0,120,1800,3840,1760,7400,31700,2440,3950,13.8344,254,0.457777778,8,12.1999999999999,1035.53333333,1035.53,72.84126607,18.97613274,72.84126607,18.97613274,LOW MED HIGH RISE,0,0
1,0,0,0,3,1,1,268,CI,0,90,10,50,0,50,,0,100,360,5760,0,6120,20100,530,3600,3.83889,255,0.266666667,12,12.1999999999999,268,268,72.84412515,18.9761421,72.8441251499999,18.9761421,LOW MED RISE,3,3
1,0,0,0,1,1,1,492.444444444,CI,0,130,10,80,0,60,,0,140,360,8320,0,8680,27700,710,5370,4.90556,256,0.364444444,9,9.4,492.444444444,492.444,72.84698333,18.97618333,72.84698333,18.97618333,LOW MED RISE,0,0
1,0,0,0,1,1,1,218.148,R,21,0,0,0,21,0,,0,21,0,0,3696,3696,11130,861,567,10.584,257,0.163333333,4,16,218.148,218.148,72.8043,18.97295,72.8042999999999,18.97295,HIGH RISE,0,0
3,3,3,1,2,2,10,1286.62799999999,RC,51,0,0,4,47,0,,0,51,0,0,8976,8976,27030,1995,1537,25.704,258,0.396666667,5,14,1286.628,1286.63,72.80715,18.973,72.8071499999999,18.9729999999999,HIGH RISE,4,2
2,3,3,1,2,4,9,1196.8,RS,40,0,20,0,59,0,Hospital,1,60,720,0,7040,7760,27200,2239,1460,23.0378,259,0.404444444,6,12.67,1196.8,1196.8,72.81,18.97305,72.81,18.97305,MED HIGH RISE,8,2
1,0,0,0,1,1,1,182.885333333,RSCI,8,30,10,7,34,3,Chemical Industry and Muncipal commision,4,48,360,1920,1408,3688,12940,1160,1161,6.27089,260,0.182222222,2,7.5,182.885333333,182.885,72.81282515,18.97304211,72.8128251499999,18.97304211,LOW MED HIGH RISE,0,0
1,0,0,0,1,1,1,325.632,RC,12,0,30,10,32,0,,0,42,1080,0,2112,3192,15360,1182,1264,10.3646999999999,261,0.233333333,5,11.67,325.632,325.632,72.81567455,18.97310788,72.8156745499999,18.97310788,MED HIGH RISE,0,0
1,0,0,0,1,1,1,720.591999999999,RSCI,2,120,24,25,119,1,School,1,146,864,7680,352,8896,31060,3543,3071,7.66133,262,0.420888889,8,13,720.592,720.592,72.81852515,18.97314211,72.8185251499999,18.97314211,LOW MED HIGH RISE,0,0
1,2,2,0,4,2,5,276.466666667,RCS,10,0,30,5,20,0,Hospital  school and railway,15,40,1080,0,1760,2840,14300,905,1310,9.35666999999999,263,0.217777778,2,15.75,276.466666667,276.467,72.82137485,18.97315789,72.8213748499999,18.97315789,MED HIGH RISE,7,4
1,0,0,0,1,1,1,640.033333332999,RS,20,0,35,0,50,0,School and Masjid,5,55,1260,0,3520,4780,21100,1800,1270,15.1160999999999,264,0.318888889,6,12.25,640.033333333,640.033,72.82422545,18.97319212,72.82422545,18.97319212,MED HIGH RISE,1,1
1,0,0,0,1,1,1,1258.03333333,RSCI,5,150,30,70,99,1,Schools,15,185,1080,9600,880,1156,40150,3318,5730,10.8367,265,0.545555556,12,22,1258.03333333,1258.03,72.82707485,18.97325789,72.82707485,18.9732578899999,LOW MED HIGH RISE,0,0
3,0,0,0,3,1,3,659.555555555999,RSCI,10,80,20,32,60,15,Mill,3,110,720,5120,1760,7600,26500,2109,3085,10.0511,266,0.366666667,7,10.22,659.555555556,659.556,72.82992515,18.97324211,72.8299251499999,18.97324211,LOW MED HIGH RISE,3,3
1,0,0,0,1,1,1,640,RCS,0,0,80,10,55,0,School and Temples,15,80,2880,0,0,2880,24000,1925,2140,11.5111,267,0.373333333,2,16,640,640,72.83562515,18.9733421,72.8356251499999,18.9733421,MEDIUM RISE,0,0
1,0,0,0,1,1,1,649.133333332999,RSCI,10,100,10,30,75,13,Temple,2,120,360,6400,1760,8520,27300,2472,3055,9.14556,268,0.368888889,6,18.75,649.133333333,649.133,72.83847485,18.97335789,72.8384748499999,18.9733578899999,LOW MED HIGH RISE,0,0
1,0,0,0,1,1,1,882.474666666999,RSCI,4,160,10,10,153,9,School,2,174,360,1024,704,2088,35520,4474,2853,7.72156,269,0.468888889,10,15.1999999999999,882.474666667,882.475,72.84132545,18.97339212,72.8413254499999,18.97339212,LOW MED HIGH RISE,1,1
1,0,0,0,1,1,1,84.7804444444,RI,6,32,0,0,12,26,Mill,0,38,0,2048,1056,3104,9260,570,708,3.87733,270,0.124888889,7,20,84.7804444444,84.7804,72.84417485,18.9734579,72.84417485,18.9734579,LOW HIGH RISE,0,0
1,0,0,0,2,1,1,288.99,CI,0,117,0,100,0,17,steel industry,0,117,0,7488,0,7488,22230,502,5606,3.12,271,0.286,8,14.5,288.99,288.99,72.84702515,18.97344211,72.8470251499999,18.97344211,LOW RISE,3,2
1,0,0,0,1,1,1,475,RSCI,0,150,0,50,88,10,steel industry,2,150,0,9600,0,9600,28500,2738,4040,4,272,0.366666667,6,16.25,475,475,72.84987455,18.97350788,72.8498745499999,18.97350788,LOW RISE,1,1
1,0,0,0,1,1,1,231.258666667,R,8,0,30,0,38,0,,0,38,1080,0,1408,2488,13240,1258,756,8.34867,273,0.202222222,2,17.5,231.258666667,231.259,72.80432515,18.97024211,72.8043251499999,18.97024211,MED HIGH RISE,0,0
1,2,1,0,1,2,4,290.112,RCS,7,0,38,3,40,0,,2,45,1368,0,1232,2600,15110,1351,1033,8.99578,274,0.231777778,6,13.67,290.112,290.112,72.80717455,18.97030788,72.8071745499999,18.97030788,MED HIGH RISE,2,1
1,1,1,0,2,2,3,228.931999999999,RCS,7,0,32,5,32,0,,2,39,1152,0,1232,2384,13310,1117,1005,8.13244,275,0.203777778,1,7,228.932,228.932,72.81002515,18.97034211,72.81002515,18.97034211,MED HIGH RISE,4,2
2,2,2,0,1,2,6,352.105333332999,RIC,23,0,8,3,25,3,,0,31,288,0,4048,4336,14590,1053,900,12.7431,276,0.216222222,5,14.33,352.105333333,352.105,72.81287485,18.97035789,72.81287485,18.9703578899999,MED HIGH RISE,2,1
2,1,2,0,2,3,5,406.956888889,RSCI,4,20,45,0,46,4,Cinema LAB,19,69,1620,1280,704,3604,19420,1632,1578,9.02433,277,0.29,5,15,406.956888889,406.957,72.81572545,18.97039212,72.81572545,18.97039212,LOW MED HIGH RISE,6,2
1,0,0,0,1,1,1,565.690666666999,RSCI,8,56,30,30,52,2,railway Station,10,94,1080,3584,1408,6072,23880,1852,2894,9.842,278,0.339111111,6,36.3299999999999,565.690666667,565.691,72.81857485,18.97045789,72.81857485,18.9704578899999,LOW MED HIGH RISE,0,0
2,1,2,0,1,2,5,430.848,RSCI,24,0,12,4,26,2,Collage,4,36,432,0,4224,4656,16320,1132,1114,13.8226999999999,279,0.242666667,4,11,430.848,430.848,72.82142515,18.97044211,72.8214251499999,18.97044211,MED HIGH RISE,2,1
2,2,2,0,1,3,6,488.633333333,RCS,10,25,35,4,62,0,Hospital and schools,4,70,1260,1600,1760,4620,20550,2015,1465,10.7428,280,0.302222222,4,14,488.633333333,488.633,72.82427455,18.97050788,72.8242745499999,18.97050788,LOW MED HIGH RISE,3,1
3,2,3,1,3,4,9,1286.832,RSCI,8,170,15,60,126,3,Schools,4,193,540,1088,1408,3036,41040,3963,5191,10.7236999999999,281,0.547777778,16,14.5,1286.832,1286.83,72.82712515,18.97054211,72.82712515,18.97054211,LOW MED HIGH RISE,12,3
2,1,2,0,3,2,5,423.419777778,RSCI,3,70,25,19,60,8,Schools,11,98,900,4480,528,5908,22390,1995,2461,6.97589,282,0.311111111,8,22.1999999999999,423.419777778,423.42,72.82997485,18.97055789,72.8299748499999,18.9705578899999,LOW MED HIGH RISE,6,3
1,0,0,0,1,1,1,357.366666667,RCS,20,0,15,10,23,0,Schools,2,35,540,0,3520,4060,15100,1003,1250,12.2383,283,0.225555556,4,19.67,357.366666667,357.367,72.83282545,18.97059212,72.83282545,18.9705921199999,MED HIGH RISE,0,0
1,0,0,0,1,1,1,357.366666667,RSCI,20,0,15,5,22,2,Collage and schools,6,35,540,0,3520,4060,15100,995,1140,12.2383,284,0.225555556,4,12.67,357.366666667,357.367,72.83567485,18.97065789,72.83567485,18.9706578899999,MED HIGH RISE,1,1
2,2,2,1,2,3,7,695.827777778,RSCI,15,50,25,30,44,14,,2,90,900,3200,2640,6740,24950,1720,2815,12.4906,285,0.355555556,7,14,695.827777778,695.828,72.83852515,18.9706421,72.8385251499999,18.9706420999999,LOW MED HIGH RISE,5,2
1,0,0,0,1,1,1,933.418666667,RSCI,8,80,40,50,62,14,Schools,2,128,1440,5120,1408,7968,31440,2258,4086,11.9209,286,0.444444444,9,22.42,933.418666667,933.419,72.84137455,18.97070788,72.8413745499999,18.9707078799999,LOW MED HIGH RISE,0,0
1,0,0,0,1,1,1,280.412444444,RCS,6,40,20,0,39,20,Gun Powder Factory,7,66,720,2560,1056,4336,16780,1399,1282,6.96844,287,0.237777778,7,10,280.412444444,280.412,72.8442,18.97075,72.8442,18.9707499999999,LOW MED HIGH RISE,0,0
2,2,2,0,2,2,6,469.135333333,R,23,0,17,0,40,0,,0,40,612,0,4048,4660,17290,1470,927,14.0381,288,0.258222222,5,11.25,469.135333333,469.135,72.80437485,18.96755789,72.80437485,18.9675578899999,MED HIGH RISE,4,2
2,2,2,0,2,3,6,488.699999999999,RS,20,0,25,0,37,0,,8,45,900,0,3520,4420,18100,1427,1150,13.6771999999999,289,0.272222222,4,11,488.7,488.7,72.80722545,18.96759212,72.80722545,18.9675921199999,MED HIGH RISE,6,2
2,2,2,1,1,3,7,480.351999999999,R,22,0,20,0,42,0,,0,42,720,0,3872,4592,17660,1522,954,13.9658,290,0.264444444,5,11,480.352,480.352,72.81007485,18.96765789,72.81007485,18.96765789,MED HIGH RISE,3,1
1,0,0,0,1,1,1,695.166666666999,RSCI,5,0,72,30,37,5,school,5,77,2592,0,880,3472,24250,1502,2756,12.88,291,0.374888889,8,13.83,695.166666667,695.167,72.81292515,18.96764211,72.8129251499999,18.96764211,MED HIGH RISE,0,0
1,0,0,0,1,1,1,292.614666666999,RS,4,0,45,0,46,0,,3,49,1620,0,704,2324,15620,1496,978,8.491,292,0.241111111,4,11.25,292.614666667,292.615,72.81577455,18.96770788,72.81577455,18.9677078799999,MED HIGH RISE,0,0
1,0,0,0,1,1,1,214.783333333,RS,5,0,35,0,31,5,,4,40,1260,0,880,2140,13150,1096,870,7.55611,293,0.202222222,5,5.5,214.783333333,214.783,72.81862515,18.96774211,72.81862515,18.96774211,MED HIGH RISE,0,0
1,0,0,0,1,1,1,276.767999999999,RSI,6,0,39,0,37,6,School,2,45,1404,0,1056,2460,14880,1281,934,8.63566999999999,294,0.228666667,5,19.75,276.768,276.768,72.82147485,18.96775789,72.82147485,18.96775789,MED HIGH RISE,0,0
2,2,3,1,3,3,8,803.333333333,RSCI,10,100,19,80,30,10,collage,9,129,684,6400,1760,8844,30000,1470,5342,10.4406,295,0.410888889,6,14.5,803.333333333,803.333,72.82717485,18.96785789,72.82717485,18.96785789,LOW MED HIGH RISE,7,3
1,0,0,0,1,1,1,156.445333333,R,2,0,35,0,37,0,,0,37,1260,0,352,1612,11560,1167,684,6.04411,296,0.178888889,4,14.67,156.445333333,156.445,72.83,18.96785,72.8299999999999,18.9678499999999,MED HIGH RISE,1,1
1,2,2,0,1,2,5,175.931999999999,RCS,12,0,15,0,17,5,School,5,27,540,0,2112,2652,10860,742,719,8.20633,297,0.163333333,5,15,175.932,175.932,72.83285,18.9679,72.8328499999999,18.9679,MED HIGH RISE,2,1
1,0,0,0,1,1,1,376.654666667,RCS,1,40,40,0,78,1,School,2,81,1440,2560,176,4176,20130,2337,1312,7.32622,298,0.292222222,2,13,376.654666667,376.655,72.8357,18.96795,72.8357,18.9679499999999,LOW MED HIGH RISE,1,1
1,0,0,0,1,1,1,756.355555556,RSCI,10,50,40,20,72,3,,5,100,1440,3200,1760,6400,26800,2399,2555,12.1289,299,0.386666667,9,12,756.355555556,756.356,72.83855,18.96795,72.8385499999999,18.9679499999999,LOW MED HIGH RISE,1,1
1,0,0,0,1,1,1,251.899111111,RSI,9,20,20,0,41,5,,3,49,720,1280,1584,3584,14570,1376,948,7.94711,300,0.212222222,4,8,251.899111111,251.899,72.8414,18.968,72.8413999999999,18.968,LOW MED HIGH RISE,0,0
3,2,3,1,1,4,9,1232,RSI,0,160,20,50,125,3,,2,80,720,3840,0,4560,17400,2192,1195,4.47778,301,0.24,7,13.5,232,232,72.84422515,18.96804211,72.84422515,18.9680421099999,LOW MED RISE,4,1
1,0,0,0,1,1,1,19.872,RI,2,20,0,0,0,22,,0,22,0,1280,352,1632,4860,158,424,1.54133,302,0.064444444,8,15,19.872,19.872,72.84707485,18.9680579,72.8470748499999,18.9680579,LOW HIGH RISE,0,0
1,0,0,0,1,1,1,3.04,I,0,12,0,0,0,12,dock,0,12,0,768,0,768,2280,72,216,0.32,303,0.029333333,3,1,3.04,3.04,72.84992545,18.96809212,72.84992545,18.96809212,LOW RISE,0,0
1,0,0,0,1,1,1,561.866666667,RI,20,0,30,0,49,1,,0,50,1080,0,3520,4600,19600,1728,1085,14.3966999999999,304,0.295555556,4,14,561.866666667,561.867,72.80442515,18.96484211,72.80442515,18.9648421099999,MED HIGH RISE,1,1
1,0,0,0,1,1,1,610.858666666999,RI,8,0,60,10,55,3,,0,68,2160,0,1408,3568,22240,1882,1711,12.6653,305,0.342222222,5,9,610.858666667,610.859,72.80728333,18.96488333,72.80728333,18.9648833299999,MED HIGH RISE,1,1
1,0,0,0,1,1,1,826.488666666999,RSCI,7,0,75,40,38,2,,2,82,2700,0,1232,3932,26210,1566,3189,14.3196999999999,306,0.404444444,5,15.67,826.488666667,826.489,72.81009152,18.96492485,72.81009152,18.9649248499999,MED HIGH RISE,0,0
1,0,0,0,1,1,1,794.048,RSCI,4,0,80,40,38,3,,3,84,2880,0,704,3584,26120,1555,3223,13.5271,307,0.404444444,6,10,794.048,794.048,72.81295,18.96495,72.81295,18.96495,MED HIGH RISE,0,0
1,0,0,0,1,1,1,566.692,RCS,7,40,40,35,50,0,,2,87,1440,2560,1232,5232,23310,1765,2869,10.3501999999999,308,0.338888889,5,5.5,566.692,566.692,72.81580848,18.96497515,72.81580848,18.96497515,LOW MED HIGH RISE,0,0
1,0,0,0,1,1,1,1040.49688889,RSCI,14,100,22,70,60,2,,4,136,792,6400,2464,9656,33020,2248,4964,12.8881999999999,309,0.456,8,21.3299999999999,1040.49688889,1040.5,72.81864121,18.96502485,72.8186412099999,18.9650248499999,LOW MED HIGH RISE,1,1
1,0,0,0,1,1,1,1022.22222222,RSCI,25,50,20,39,40,13,,3,95,720,3200,4400,8320,28750,1760,3370,16.8111,310,0.41,6,10.57,1022.22222222,1022.22,72.8215,18.96505,72.8215,18.96505,LOW MED HIGH RISE,0,0
5,5,6,2,2,5,18,4088.648,RSCI,11,140,110,131,120,8,,2,261,3960,8960,1936,1485,65430,4419,9417,25.1051,311,0.941111111,30,18.6,4088.648,4088.65,72.82433393,18.96506726,72.8243339299999,18.96506726,LOW MED HIGH RISE,10,2
3,2,3,1,3,3,9,1794.44444444,RCS,0,50,110,60,98,0,,2,160,3960,3200,0,7160,42500,3328,5070,17.1611,312,0.635555556,18,14,1794.44444444,1794.44,72.82716607,18.96513274,72.82716607,18.96513274,LOW MED RISE,8,3
1,0,0,0,1,1,1,1046.75911111,RSCI,9,130,20,80,74,3,,2,159,720,8320,1584,1062,35470,2601,5548,10.8804,313,0.481111111,9,22,1046.75911111,1046.76,72.83002515,18.9651421,72.8300251499999,18.9651421,LOW MED HIGH RISE,0,0
1,0,0,0,1,1,1,348.444444444,RSCI,0,40,40,25,10,20,,25,80,1440,2560,0,4000,19600,795,2840,6.82222,314,0.284444444,8,9.33,348.444444444,348.444,72.83288333,18.96518333,72.83288333,18.9651833299999,LOW MED RISE,0,0
1,0,0,0,1,1,1,412.050222222,RSCI,7,17,40,3,43,16,,2,64,1440,1088,1232,3760,18940,1537,1370,9.73689,315,0.282666667,7,10,412.050222222,412.05,72.83571667,18.96521667,72.8357166699999,18.96521667,LOW MED HIGH RISE,0,0
2,1,2,0,1,3,5,249.994222221999,RSCI,7,50,10,4,50,10,,3,67,360,3200,1232,4792,16210,1618,1289,6.30022,316,0.223333333,4,13.67,249.994222222,249.994,72.83857485,18.9652579,72.83857485,18.9652579,LOW MED HIGH RISE,3,1
1,0,0,0,1,1,1,586.111999999999,RSI,23,50,0,0,52,18,,3,73,0,3200,4048,7248,21690,1884,1421,12.9253,317,0.301111111,6,9,586.112,586.112,72.84143393,18.96526726,72.8414339299999,18.96526726,LOW HIGH RISE,0,0
1,0,0,0,1,1,1,248.111111111,RCS,0,10,45,30,23,0,,2,55,1620,640,0,2260,15400,913,2180,6.74167,318,0.234444444,2,8,248.111111111,248.111,72.84426607,18.96533274,72.84426607,18.96533274,LOW MED RISE,0,0
4,4,3,1,1,5,12,134.352888889,RSI,70,26,15,0,36,8,Docyard,1,45,540,1664,704,2908,11560,1160,776,4.86767,319,0.164666667,6,12,134.352888889,134.353,72.84712515,18.96534211,72.8471251499999,18.96534211,LOW MED HIGH RISE,5,1
1,0,0,0,1,1,1,258.734666667,RC,16,0,15,3,28,0,,0,31,540,0,2816,3356,12980,1049,822,10.2223,320,0.194444444,3,7,258.734666667,258.735,72.8016,18.9621,72.8015999999999,18.9621,MED HIGH RISE,0,0
1,0,0,0,1,1,1,561.021333333,RS,11,0,50,9,45,0,school,7,61,1800,0,1936,3736,20830,1638,1697,12.7384,321,0.318888889,2,13,561.021333333,561.021,72.81012545,18.96219212,72.81012545,18.96219212,MED HIGH RISE,0,0
3,1,2,1,1,3,7,955.852444443999,RCS,6,50,60,70,34,0,BMC office,12,116,2160,3200,1056,6416,30680,1574,4932,12.9907,322,0.448888889,2,14.67,955.852444444,955.852,72.81297485,18.96225789,72.81297485,18.96225789,LOW MED HIGH RISE,2,1
1,0,0,0,2,1,1,1172.32533332999,RCS,2,60,75,80,49,0,railway Station,8,137,2700,3840,352,6892,34960,1999,5544,13.3996999999999,323,0.512222222,8,10.2899999999999,1172.32533333,1172.33,72.81582515,18.96224211,72.8158251499999,18.9622421099999,LOW MED HIGH RISE,2,2
1,0,0,0,2,1,1,1490.82133333,RSCI,4,90,70,0,90,68,Cinema,6,164,2520,5760,704,8984,40220,3232,2998,14.4882,324,0.577777778,12,11,1490.82133333,1490.82,72.81867455,18.96230788,72.8186745499999,18.96230788,LOW MED HIGH RISE,2,2
4,1,4,1,3,4,10,3124.35199999999,RCS,8,80,120,120,80,0,Cinema,8,208,4320,5120,1408,1084,55440,3240,8376,23.4319999999999,325,0.817777778,26,13.25,3124.352,3124.35,72.82152515,18.9623421,72.8215251499999,18.9623421,LOW MED HIGH RISE,11,3
3,2,3,1,2,3,9,1948.95555556,RSCI,10,140,50,110,80,0,,10,200,1800,8960,1760,1252,46900,3030,7590,15.9678,326,0.653333333,22,12.8,1948.95555556,1948.96,72.82437485,18.96235789,72.8243748499999,18.96235789,LOW MED HIGH RISE,6,2
5,3,4,2,2,5,14,2297.25244444,RSCI,6,100,90,70,108,14,Collage,4,196,3240,6400,1056,1069,49180,3764,6032,18.6406999999999,327,0.711111111,22,8.33,2297.25244444,2297.25,72.82722545,18.96239212,72.82722545,18.96239212,LOW MED HIGH RISE,10,2
4,2,4,1,4,4,11,3458.71644444,RSCI,12,80,120,90,113,5,,4,212,4320,5120,2112,1155,57560,4098,7229,25.448,328,0.848888889,27,7.67,3458.71644444,3458.72,72.83007485,18.9624579,72.83007485,18.9624579,LOW MED HIGH RISE,15,4
1,0,0,0,1,1,1,325.104222221999,RCS,7,50,17,39,19,0,Hospital,16,74,612,3200,1232,5044,18310,942,3025,7.30744,329,0.256,6,13,325.104222222,325.104,72.83292515,18.96244211,72.8329251499999,18.96244211,LOW MED HIGH RISE,0,0
1,0,0,0,1,1,1,835.033333332999,RCS,5,0,80,19,50,0,,16,85,2880,0,880,3760,26650,1893,2655,14.0311,330,0.412222222,7,10.5,835.033333333,835.033,72.83577455,18.96250788,72.8357745499999,18.96250788,MED HIGH RISE,0,0
1,0,0,0,1,1,1,610.858666666999,RC,8,0,60,10,50,8,Railway tracks,0,68,2160,0,1408,3568,22240,1772,1736,12.6653,331,0.342222222,5,8,610.858666667,610.859,72.83862515,18.96254211,72.8386251499999,18.96254211,MED HIGH RISE,1,1
1,0,0,0,1,1,1,13.1944444444,S,0,25,0,0,0,0,car warehouse,25,25,0,1600,0,1600,4750,175,825,0.666667,332,0.061111111,1,6,13.1944444444,13.1944,72.84717485,18.96265789,72.84717485,18.9626578899999,LOW RISE,1,1
1,0,0,0,1,1,1,524.575333333,R,7,100,9,0,116,0,Embessy,0,116,324,6400,1232,7956,25410,3366,1651,7.48967,333,0.340888889,5,16,524.575333333,524.575,72.80162545,18.95939212,72.80162545,18.95939212,LOW MED HIGH RISE,1,1
1,0,0,0,1,1,1,52.8999999999999,RS,0,0,23,0,22,0,Temple,1,23,828,0,0,828,6900,692,434,3.30944,334,0.107333333,1,7,52.9,52.9,72.80732515,18.95944211,72.8073251499999,18.95944211,MEDIUM RISE,0,0
1,0,0,0,1,1,1,1063.22133333,RSCI,4,0,94,20,75,0,,3,98,3384,0,704,4088,30320,2535,2660,15.5416,335,0.469777778,5,6.5,1063.22133333,1063.22,72.81017455,18.95950788,72.8101745499999,18.95950788,MED HIGH RISE,0,0
1,0,0,0,1,1,1,500.796444443999,RCS,3,50,40,30,61,0,,2,93,1440,3200,528,5168,23090,2001,2691,8.60089,336,0.332222222,6,7,500.796444444,500.796,72.81302515,18.95954211,72.81302515,18.95954211,LOW MED HIGH RISE,0,0
1,0,0,0,1,1,1,874.683999999999,RCS,2,29,75,30,71,1,,4,106,2700,1856,352,4908,29070,2393,3066,12.573,337,0.436444444,7,7,874.684,874.684,72.81587485,18.95955789,72.81587485,18.9595578899999,LOW MED HIGH RISE,0,0
2,2,2,1,1,3,7,913.172,RCS,3,60,60,60,58,0,,5,123,2160,3840,528,6528,30990,2118,4441,11.7453,338,0.45,7,7.8,913.172,913.172,72.81872545,18.95959212,72.81872545,18.95959212,LOW MED HIGH RISE,3,1
5,4,4,2,1,5,15,1279.65866667,RSCI,13,120,26,40,116,1,,2,159,936,7680,2288,1090,37490,3675,4024,13.4931,339,0.515777778,11,10.5,1279.65866667,1279.66,72.82157485,18.95965789,72.82157485,18.9596578899999,LOW MED HIGH RISE,5,1
1,0,0,0,1,1,1,1432.832,RCS,7,145,35,56,130,0,,1,187,1260,9280,1232,1177,41760,4067,4964,12.4308,340,0.572222222,17,8,1432.832,1432.83,72.82442515,18.9596421,72.8244251499999,18.9596421,LOW MED HIGH RISE,0,0
3,2,3,1,2,3,9,3221.92799999999,RSCI,9,60,130,80,115,3,,1,199,4680,3840,1584,1010,55170,4072,6598,24.8416,341,0.823333333,25,18,3221.928,3221.93,72.82727455,18.95970788,72.8272745499999,18.95970788,LOW MED HIGH RISE,6,2
1,0,0,0,2,1,1,1039.33422221999,RC,2,100,50,62,90,0,,0,152,1800,6400,352,8552,35060,2944,4734,10.8691,342,0.493333333,9,10.38,1039.33422222,1039.33,72.8301,18.95975,72.8301,18.95975,LOW MED HIGH RISE,2,2
1,1,1,0,2,2,3,218.466,RCS,6,27,20,26,12,0,Hospital,15,53,720,1728,1056,3504,14310,683,2213,6.62178,343,0.206,6,7.5,218.466,218.466,72.83295,18.95975,72.8329499999999,18.95975,LOW MED HIGH RISE,4,2
3,1,2,1,1,3,7,1097.65755556,RSCI,8,55,60,50,66,5,,2,123,2160,3520,1408,7088,32690,2376,4076,14.132,344,0.476666667,9,11.5,1097.65755556,1097.66,72.8358,18.9598,72.8358,18.9598,LOW MED HIGH RISE,3,1
1,0,0,0,1,1,1,219.252,RCS,3,0,40,15,27,1,,0,43,1440,0,528,1968,13590,981,1406,7.26756,345,0.21,2,14.5,219.252,219.252,72.83865,18.95985,72.83865,18.9598499999999,MED HIGH RISE,0,0
1,0,0,0,1,1,1,8.44444444444,I,0,20,0,0,0,20,Railway dockyard,0,20,0,1280,0,1280,3800,120,360,0.533333,346,0.048888889,8,20,8.44444444444,8.44444,72.8415,18.95985,72.8414999999999,18.9598499999999,LOW RISE,1,1
1,0,0,0,1,1,1,43.2319999999999,RC,3,0,14,4,13,0,,0,17,504,0,528,1032,5790,461,493,3.52644,347,0.088666667,1,10,43.232,43.232,72.79882515,18.95664211,72.7988251499999,18.95664211,MED HIGH RISE,0,0
1,1,2,0,1,2,4,164.066666666999,R,10,0,18,0,28,0,,0,28,648,0,1760,2408,10700,968,594,7.63,348,0.161777778,2,10,164.066666667,164.067,72.80168333,18.95668333,72.80168333,18.95668333,MED HIGH RISE,2,1
1,0,0,0,1,1,1,115.599999999999,RS,0,0,34,0,32,0,,2,34,1224,0,0,1224,10200,1012,652,4.89222,349,0.158666667,2,10,115.6,115.6,72.80737485,18.95675789,72.80737485,18.9567578899999,MEDIUM RISE,0,0
1,0,0,0,1,1,1,337.791999999999,RCS,8,0,40,12,29,0,,7,48,1440,0,1408,2848,16240,1133,1556,9.78755999999999,350,0.248888889,3,5,337.792,337.792,72.81020848,18.95677515,72.81020848,18.9567751499999,MED HIGH RISE,1,1
1,0,0,0,1,1,1,525.696,RC,2,48,45,70,25,0,,0,95,1620,3072,352,5044,23680,1141,4288,8.763,351,0.342888889,6,9,525.696,525.696,72.81304121,18.95682485,72.8130412099999,18.95682485,LOW MED HIGH RISE,0,0
1,0,0,0,2,1,1,811.71,RCS,0,21,80,40,60,0,,1,101,2880,1344,0,4224,27990,2087,3333,12.0710999999999,352,0.424666667,6,5.86,811.71,811.71,72.8159,18.95685,72.8158999999999,18.9568499999999,LOW MED RISE,2,2
4,1,4,1,4,4,10,2844.83333333,RSCI,5,15,150,70,97,2,,1,170,5400,960,880,7240,50500,3530,5860,24.5032999999999,353,0.775555556,23,9.6,2844.83333333,2844.83,72.81875879,18.95687515,72.81875879,18.9568751499999,LOW MED HIGH RISE,15,4
3,1,2,1,4,4,7,710.038,RCS,11,50,35,30,62,0,,4,96,1260,3200,1936,6396,25830,2132,2857,11.9133999999999,354,0.371111111,5,12.7799999999999,710.038,710.038,72.82159151,18.95692485,72.82159151,18.95692485,LOW MED HIGH RISE,16,4
1,0,0,0,2,1,1,1099.252,RSCI,7,60,60,40,80,3,,4,127,2160,3840,1232,7232,33110,2717,3744,13.7613,355,0.481111111,10,13.8,1099.252,1099.25,72.82445,18.95695,72.8244499999999,18.9569499999999,LOW MED HIGH RISE,2,2
1,0,0,0,1,1,1,1809.36311111,RIC,3,100,80,75,100,8,,0,183,2880,6400,528,9808,44590,3427,5861,15.6898,356,0.641111111,19,14.33,1809.36311111,1809.36,72.82730848,18.95697515,72.8273084799999,18.95697515,LOW MED HIGH RISE,0,0
1,0,0,0,1,1,1,1506.61866667,RSCI,2,80,80,50,108,1,,3,162,2880,5120,352,8352,40260,3517,4599,14.6524,357,0.584444444,12,10.22,1506.61866667,1506.62,72.83011667,18.95701667,72.8301166699999,18.95701667,LOW MED HIGH RISE,1,1
2,1,2,0,1,2,5,591.111111111,RSCI,0,100,30,40,82,5,,3,130,1080,6400,0,7480,28000,2597,3525,6.98333,358,0.384444444,5,11,591.111111111,591.111,72.83297485,18.9570579,72.8329748499999,18.9570578999999,LOW MED RISE,2,1
4,2,3,1,2,4,10,2631.88799999999,RCS,4,90,110,90,102,0,,2,204,3960,5760,704,1042,52220,3632,6798,20.2438,359,0.764444444,24,7,2631.888,2631.89,72.83583393,18.95706726,72.83583393,18.9570672599999,LOW MED HIGH RISE,8,2
1,0,0,0,1,1,1,61.6,RIC,0,36,8,5,29,10,,0,44,288,2304,0,2592,9240,916,862,2.11111,360,0.125333333,2,21,61.6,61.6,72.84152515,18.95714211,72.8415251499999,18.9571421099999,LOW MED RISE,0,0
1,1,1,0,2,2,3,193.292,RS,12,0,17,0,27,0,School,2,29,612,0,2112,2724,11460,977,670,8.49410999999999,361,0.172666667,4,23,193.292,193.292,72.796,18.9539,72.796,18.9539,MED HIGH RISE,4,2
1,0,0,0,1,1,1,354.367999999999,RC,14,0,28,10,32,0,,0,42,1008,0,2464,3472,15820,1202,1282,11.0848999999999,362,0.239555556,4,17,354.368,354.368,72.79885,18.95395,72.79885,18.9539499999999,MED HIGH RISE,1,1
1,0,0,0,1,1,1,207.888,RI,6,0,32,0,36,2,CM bunglow,0,38,1152,0,1056,2208,12780,1194,748,7.62844,363,0.196,4,6.5,207.888,207.888,72.8017,18.95395,72.8016999999999,18.9539499999999,MED HIGH RISE,0,0
1,0,0,0,1,1,1,52.8999999999999,RC,0,0,23,8,15,0,,0,23,828,0,0,828,6900,521,734,3.30944,364,0.107333333,1,17,52.9,52.9,72.8074,18.95405,72.8074,18.9540499999999,MEDIUM RISE,0,0
1,0,0,0,1,1,1,279.072,RC,3,0,46,39,10,0,,0,49,1656,0,528,2184,15390,613,2469,8.13089,365,0.238,3,6.67,279.072,279.072,72.81592515,18.9541421,72.8159251499999,18.9541420999999,MED HIGH RISE,1,1
1,0,0,0,1,1,1,1628.97777778,RSCI,0,20,118,108,20,2,,8,138,4248,1280,0,5528,39200,1414,6874,17.5122,366,0.599555556,11,9.4,1628.97777778,1628.98,72.81877485,18.95415789,72.8187748499999,18.95415789,LOW MED RISE,0,0
4,2,3,1,4,4,10,2614.81244444,RSCI,6,130,86,40,179,2,,1,222,3096,8320,1056,1247,53680,5527,5030,18.8651,367,0.765777778,24,15.67,2614.81244444,2614.81,72.82165,18.9542,72.82165,18.9542,LOW MED HIGH RISE,16,4
3,1,3,1,2,3,8,1328.37688888999,RCS,4,140,40,30,150,0,,4,184,1440,8960,704,1110,40720,4520,3928,11.5048999999999,368,0.56,14,9,1328.37688889,1328.38,72.8245,18.95425,72.8245,18.9542499999999,LOW MED HIGH RISE,5,2
1,0,0,0,2,1,1,1344.17422222,RSCI,2,130,50,40,139,2,,1,182,1800,8320,352,1047,40760,4247,4274,11.6691,369,0.566666667,16,10.83,1344.17422222,1344.17,72.82732515,18.95424211,72.8273251499999,18.9542421099999,LOW MED HIGH RISE,2,2
4,1,3,1,4,4,9,1980,RCS,0,150,70,80,138,0,,2,220,2520,9600,0,1212,49500,4408,6450,14.0722,370,0.693333333,23,13.55,1980,1980,72.83017455,18.95430788,72.8301745499999,18.95430788,LOW MED RISE,14,4
1,0,0,0,1,1,1,1308.62977778,RCS,3,100,60,80,82,0,,1,163,2160,6400,528,9088,38590,2842,5681,12.8119999999999,371,0.547777778,10,6,1308.62977778,1308.63,72.83302515,18.95434211,72.8330251499999,18.9543421099999,LOW MED HIGH RISE,0,0
3,2,3,1,5,3,9,2298.69688889,RSCI,4,110,90,50,144,7,,3,204,3240,7040,704,1098,50020,4617,5253,17.8993,372,0.72,23,6.5,2298.69688889,2298.7,72.83587485,18.95435789,72.8358748499999,18.95435789,LOW MED HIGH RISE,16,5
1,0,0,0,1,1,1,771.777777777999,RSCI,0,80,50,84,40,4,,2,130,1800,5120,0,6920,30200,1644,5360,9.32778,373,0.428888889,6,15,771.777777778,771.778,72.83872545,18.95439212,72.8387254499999,18.95439212,LOW MED RISE,0,0
1,0,0,0,1,1,1,164.884444444,CI,0,77,5,80,0,2,,0,82,180,4928,0,5108,16130,347,4301,2.77278,374,0.211555556,2,20,164.884444444,164.884,72.84157485,18.95445789,72.84157485,18.95445789,LOW MED RISE,0,0
1,0,0,0,1,1,1,89.8986666666999,R,8,0,12,0,20,0,,0,20,432,0,1408,1840,7840,700,432,5.75867,375,0.118222222,1,17,89.8986666667,89.8987,72.7932,18.95115,72.7931999999999,18.9511499999999,MED HIGH RISE,1,1
1,0,0,0,1,1,1,144.725333333,R,8,0,20,0,28,0,,0,28,720,0,1408,2128,10240,948,576,6.90978,376,0.155555556,3,19,144.725333333,144.725,72.79602545,18.95119212,72.79602545,18.95119212,MED HIGH RISE,0,0
3,1,3,1,1,3,8,699.607999999999,RC,6,0,70,8,68,0,,0,76,2520,0,1056,3576,24180,2224,1742,13.0962,377,0.373333333,5,22,699.608,699.608,72.80172515,18.95124211,72.8017251499999,18.9512421099999,MED HIGH RISE,3,1
1,0,0,0,1,1,1,69.504,RSCI,1,19,15,10,15,7,Hospital and school,3,35,540,1216,176,1932,8640,581,1039,3.169,378,0.124222222,7,6.5,69.504,69.504,72.81882515,18.9514421,72.8188251499999,18.9514421,LOW MED HIGH RISE,0,0
4,1,4,1,3,4,10,3393.80533332999,RSCI,2,20,170,85,100,3,,4,192,6120,1280,352,7752,55860,3722,6869,26.0024,379,0.857777778,26,9.25,3393.80533333,3393.81,72.82167455,18.95150788,72.8216745499999,18.95150788,LOW MED HIGH RISE,12,3
2,2,2,0,4,2,6,1904.43688889,RSCI,4,200,35,40,194,2,,3,239,1260,1280,704,3244,50620,5782,5008,12.3854,380,0.683333333,23,10.4,1904.43688889,1904.44,72.82452515,18.95154211,72.8245251499999,18.9515421099999,LOW MED HIGH RISE,7,4
3,2,3,1,2,3,9,1956.11111110999,RIC,0,170,60,60,166,4,,0,230,2160,1088,0,3248,50300,5092,5710,13.1667,381,0.695555556,23,9.57,1956.11111111,1956.11,72.82737485,18.9515579,72.8273748499999,18.9515579,LOW MED RISE,6,2
1,0,0,0,1,1,1,1355.04444444,RC,0,170,37,50,157,0,,0,207,1332,1088,0,2420,43400,4707,4876,9.85722,382,0.588222222,18,11,1355.04444444,1355.04,72.83022545,18.95159212,72.83022545,18.95159212,LOW MED RISE,0,0
3,2,3,1,3,2,9,2000.79,RC,0,87,100,60,127,0,,0,187,3600,5568,0,9168,46530,4096,5331,16.7089,383,0.679333333,20,11.1999999999999,2000.79,2000.79,72.83307485,18.95165789,72.83307485,18.95165789,LOW MED RISE,6,3
1,0,0,0,1,1,1,1906.49422222,RSCI,2,70,100,40,120,7,,5,172,3600,4480,352,8432,44360,3923,4499,17.2636,384,0.653333333,19,7,1906.49422222,1906.49,72.8359,18.95165,72.8358999999999,18.95165,LOW MED HIGH RISE,0,0
1,0,0,0,1,1,1,505.611111111,RIC,0,55,45,35,45,20,TEXTILE Textile Textile Mills,0,100,1620,3520,0,5140,23950,1655,3025,7.94167,385,0.344444444,10,11,505.611111111,505.611,72.83875,18.9517,72.83875,18.9516999999999,LOW MED RISE,0,0
1,0,0,0,1,1,1,54.3999999999999,RIC,0,24,12,4,14,18,Textile Mills,0,36,432,1536,0,1968,8160,552,778,2.36667,386,0.114666667,1,19,54.4,54.4,72.8416,18.95175,72.8416,18.95175,LOW MED RISE,0,0
1,0,0,0,1,1,1,123.066666667,R,5,20,14,0,39,0,,0,39,504,1280,880,2664,10650,1199,647,5.06778,387,0.153111111,1,13,123.066666667,123.067,72.79322515,18.94844211,72.7932251499999,18.9484421099999,LOW MED HIGH RISE,0,0
1,0,0,0,1,1,1,577.1,RC,20,0,31,10,41,0,,0,51,1116,0,3520,4636,19900,1541,1498,14.5406,388,0.300222222,5,9.5,577.1,577.1,72.79607455,18.94850788,72.79607455,18.94850788,MED HIGH RISE,0,0
1,0,0,0,2,1,1,19.5479999999999,R,4,0,5,0,9,0,,0,9,180,0,704,884,3620,319,198,2.73544,389,0.054444444,3,20.3299999999999,19.548,19.548,72.80177485,18.94855789,72.80177485,18.94855789,MED HIGH RISE,2,2
1,0,0,0,3,1,1,1472.67311111,RC,3,70,81,40,114,0,chawls,0,154,2916,4480,528,7924,39190,3634,4049,15.0337,390,0.572444444,9,12.67,1472.67311111,1472.67,72.82455,18.94885,72.82455,18.94885,LOW MED HIGH RISE,3,3
4,1,4,1,3,4,10,3669.31599999999,RC,1,82,150,35,198,0,chawl,0,233,5400,5248,176,1082,61110,6147,5193,24.274,391,0.908222222,28,14.83,3669.316,3669.32,72.8274,18.94885,72.8273999999999,18.94885,LOW MED HIGH RISE,12,3
4,1,4,1,4,4,10,3580.95111111,RIC,0,82,150,32,192,8,Textile Market,0,232,5400,5248,0,1064,60580,6002,5086,23.77,392,0.900444444,28,10.33,3580.95111111,3580.95,72.83025,18.9489,72.83025,18.9488999999999,LOW MED RISE,16,4
4,1,4,1,3,4,10,4334.09422222,RC,2,70,170,150,92,0,Temple and Masjid,0,242,6120,4480,352,1095,65360,3712,1002,27.3357999999999,393,0.98,29,12.75,4334.09422222,4334.09,72.8331,18.94895,72.8331,18.94895,LOW MED HIGH RISE,12,3
1,0,0,0,1,1,1,310.193333333,RIC,1,28,40,38,30,1,,0,69,1440,1792,176,3408,17850,1131,2636,7.00622,394,0.262888889,6,10.4,310.193333333,310.193,72.83592515,18.94894211,72.8359251499999,18.94894211,LOW MED HIGH RISE,1,1
1,0,0,0,1,1,1,64.9777777778,RIC,0,20,16,5,22,9,,0,36,576,1280,0,1856,8600,738,793,2.83556,395,0.123555556,1,10,64.9777777778,64.9778,72.83877455,18.94900788,72.8387745499999,18.94900788,LOW MED RISE,0,0
1,0,0,0,1,1,1,18.7199999999999,RC,0,12,8,5,0,15,Police station,0,20,288,768,0,1056,4680,134,575,1.47111,396,0.066666667,3,24,18.72,18.72,72.84162515,18.94904211,72.8416251499999,18.94904211,LOW MED RISE,0,0
1,0,0,0,1,1,1,541.494222221999,RS,2,100,22,0,120,0,School,4,124,792,6400,352,7544,26660,3480,1830,6.84022,397,0.362666667,5,5.5,541.494222222,541.494,72.79327485,18.94575789,72.79327485,18.9457578899999,LOW MED HIGH RISE,0,0
2,1,1,0,1,3,4,88.8619999999999,R,3,0,23,0,26,0,,0,26,828,0,528,1356,8490,836,495,4.82144,398,0.130666667,3,14,88.862,88.862,72.79613393,18.94576726,72.7961339299999,18.94576726,MED HIGH RISE,3,1
1,0,0,0,1,1,1,343.527777777999,RC,0,65,28,10,78,5,Railway station,0,93,1008,4160,0,5168,20750,2338,1774,5.76222,399,0.289555556,1,15,343.527777778,343.528,72.82456607,18.94613274,72.82456607,18.9461327399999,LOW MED RISE,0,0
1,0,0,0,3,1,1,1137.4,RC,0,90,64,54,100,0,,0,154,2304,5760,0,8064,36300,3208,4482,11.6089,400,0.518666667,10,10.25,1137.4,1137.4,72.82742515,18.94614211,72.8274251499999,18.94614211,LOW MED RISE,3,3
1,0,0,0,1,1,1,1502.152,RC,2,0,118,60,60,0,,0,120,4248,0,352,4600,36460,2300,4578,17.9868999999999,401,0.566222222,9,5.5,1502.152,1502.15,72.83028333,18.94618333,72.83028333,18.94618333,MED HIGH RISE,0,0
1,0,0,0,1,1,1,198.695111110999,RC,3,16,30,29,20,0,,0,49,1080,1024,528,2632,13630,805,1989,6.25533,402,0.202444444,1,10,198.695111111,198.695,72.83311667,18.94621667,72.8331166699999,18.9462166699999,LOW MED HIGH RISE,0,0
1,0,0,0,1,1,1,172.153111110999,RIC,3,20,25,30,11,7,Railway Industry,0,48,900,1280,528,2708,12890,584,2026,5.64256,403,0.188888889,7,23,172.153111111,172.153,72.83597485,18.94625789,72.8359748499999,18.9462578899999,LOW MED HIGH RISE,0,0
2,1,2,0,1,2,5,216.071111110999,RC,0,52,22,8,66,0,,0,74,792,3328,0,4120,16480,1946,1392,4.55222,404,0.229777778,3,26,216.071111111,216.071,72.82462545,18.94339212,72.8246254499999,18.9433921199999,LOW MED RISE,2,1
3,2,3,1,1,4,9,1360.21111111,RC,0,20,107,20,107,0,Near railway track,0,127,3852,1280,0,5132,35900,3397,2986,15.9293999999999,405,0.548222222,9,10.13,1360.21111111,1360.21,72.82747485,18.94345789,72.82747485,18.94345789,LOW MED RISE,4,1
1,0,0,0,1,1,1,150.692,RIC,3,0,32,6,17,12,School building as Industry,0,35,1152,0,528,1680,11190,707,957,6.11644,406,0.172666667,7,7.5,150.692,150.692,72.83032515,18.94344211,72.8303251499999,18.9434421099999,MED HIGH RISE,0,0
1,0,0,0,1,1,1,276.218666666999,RIC,2,0,48,15,23,12,School as Industry,0,50,1728,0,352,2080,15460,946,1578,7.91467,407,0.239555556,9,15,276.218666667,276.219,72.83317455,18.94350788,72.8331745499999,18.9435078799999,MED HIGH RISE,0,0
1,0,0,0,1,1,1,25.6,I,0,0,16,0,10,6,Railway station,0,16,576,0,0,576,4800,364,318,2.30222,408,0.074666667,4,21.5,25.6,25.6,72.83602515,18.94354211,72.8360251499999,18.9435421099999,MEDIUM RISE,1,1
1,0,0,0,1,1,1,367.399999999999,RIC,10,0,38,6,37,5,,0,48,1368,0,1760,3128,16700,1334,1219,10.5078,409,0.255111111,6,11.67,367.4,367.4,72.8275,18.94075,72.8275,18.94075,MED HIGH RISE,0,0
1,0,0,0,1,1,1,78.4,C,0,0,28,28,0,0,,0,28,1008,0,0,1008,8400,196,1624,4.02889,410,0.130666667,1,7,78.4,78.4,72.8332,18.9408,72.8332,18.9407999999999,MEDIUM RISE,0,0
1,0,0,0,1,1,1,90,C,0,0,30,30,0,0,Railway Station,0,30,1080,0,0,1080,9000,210,1740,4.31667,411,0.14,1,6,90,90,72.83605,18.94085,72.83605,18.94085,MEDIUM RISE,0,0
1,0,0,0,1,1,1,22.5,RC,0,0,15,5,10,0,Ship dock,0,15,540,0,0,540,4500,345,470,2.15833,412,0.07,3,13.5,22.5,22.5,72.8389,18.94085,72.8388999999999,18.94085,MEDIUM RISE,1,1
1,0,0,0,1,1,1,94.932,RC,3,0,24,5,22,0,,0,27,864,0,528,1392,8790,747,713,4.96533,413,0.135333333,1,25,94.932,94.932,72.82752515,18.93804211,72.82752515,18.93804211,MED HIGH RISE,0,0
1,0,0,0,1,1,1,250,RC,0,0,50,7,43,0,,0,50,1800,0,0,1800,15000,1382,1180,7.19444,414,0.233333333,1,5,250,250,72.83322545,18.93809212,72.83322545,18.93809212,MEDIUM RISE,0,0
1,0,0,0,1,1,1,851.791111110999,RC,0,34,76,50,60,0,,0,110,2736,2176,0,4912,29260,2108,3810,11.8422,415,0.437777778,7,7,851.791111111,851.791,72.83607485,18.93815789,72.83607485,18.9381578899999,LOW MED RISE,1,1
1,0,0,0,1,1,1,490,RC,0,0,70,26,44,0,,0,70,2520,0,0,2520,21000,1546,2300,10.0722,416,0.326666667,1,8,490,490,72.83892515,18.93814211,72.8389251499999,18.93814211,MEDIUM RISE,0,0
2,1,1,0,1,3,4,136.9,RC,0,0,37,13,24,0,,0,37,1332,0,0,1332,11100,835,1186,5.32389,417,0.172666667,3,15.13,136.9,136.9,72.82473393,18.93526726,72.8247339299999,18.93526726,MEDIUM RISE,3,1
2,4,1,0,2,4,7,864.899999999999,R,0,0,93,0,93,0,,0,93,3348,0,0,3348,27900,2883,1674,13.3817,418,0.434,8,12.13,864.9,864.9,72.82756607,18.93533274,72.82756607,18.93533274,MEDIUM RISE,8,2
1,0,0,0,2,1,1,722.5,RC,0,0,85,25,60,0,,0,85,3060,0,0,3060,25500,2035,2530,12.2306,419,0.396666667,5,7,722.5,722.5,72.83328333,18.93538333,72.83328333,18.93538333,MEDIUM RISE,2,2
3,2,3,1,2,3,9,2340.9,RC,0,0,153,30,123,0,,0,153,5508,0,0,5508,45900,4023,3954,22.015,420,0.714,20,8,2340.9,2340.9,72.83611667,18.93541667,72.8361166699999,18.9354166699999,MEDIUM RISE,6,2
1,0,0,0,1,1,1,334.711111110999,RIC,0,8,54,26,32,4,,0,62,1944,512,0,2456,17720,1186,2136,7.98333,421,0.271555556,7,9.57,334.711111111,334.711,72.83897485,18.93545789,72.83897485,18.9354578899999,LOW MED RISE,1,1
1,0,0,0,1,1,1,108.9,RIC,0,0,33,13,18,2,,0,33,1188,0,0,1188,9900,667,1124,4.74833,422,0.154,1,24,108.9,108.9,72.84183393,18.93546726,72.84183393,18.9354672599999,MEDIUM RISE,0,0
1,1,1,0,1,2,3,28.8999999999999,R,0,0,17,2,15,0,,0,17,612,0,0,612,5100,479,386,2.44611,423,0.079333333,1,13,28.9,28.9,72.82477485,18.93255789,72.8247748499999,18.9325578899999,MEDIUM RISE,2,1
2,1,2,0,1,3,5,49.628,RIC,1,0,20,4,11,5,,0,21,720,0,176,896,6530,429,562,3.38178,424,0.101111111,1,10,49.628,49.628,72.83045,18.93265,72.8304499999999,18.9326499999999,MED HIGH RISE,3,1
3,1,3,1,1,3,8,864.899999999999,RIC,0,0,93,20,65,8,,0,93,3348,0,0,3348,27900,2227,2514,13.3817,425,0.434,7,19.6,864.9,864.9,72.8333,18.93265,72.8332999999999,18.9326499999999,MEDIUM RISE,3,1
1,0,0,0,1,1,1,387.894666667,RC,1,0,60,17,26,18,,0,61,2160,0,176,2336,18530,1097,1877,9.13733,426,0.287777778,9,17.3299999999999,387.894666667,387.895,72.83615,18.9327,72.83615,18.9327,MED HIGH RISE,1,1
2,1,2,0,1,4,5,176.4,RIC,0,0,42,15,5,22,,0,42,1512,0,0,1512,12600,458,1466,6.04333,427,0.196,8,22,176.4,176.4,72.839,18.93275,72.8389999999999,18.9327499999999,MEDIUM RISE,4,1
1,0,0,0,2,1,1,57.6,RC,0,0,24,4,20,0,,0,24,864,0,0,864,7200,648,592,3.45333,428,0.112,5,10.75,57.6,57.6,72.8248,18.92985,72.8247999999999,18.9298499999999,MEDIUM RISE,2,2
1,0,0,0,1,1,1,160,RC,0,0,40,7,33,0,,0,40,1440,0,0,1440,12000,1072,1000,5.75556,429,0.186666667,4,21,160,160,72.82762545,18.92989212,72.8276254499999,18.92989212,MEDIUM RISE,1,1
2,1,1,0,1,3,4,90,RIC,0,0,30,5,19,6,,0,30,1080,0,0,1080,9000,678,770,4.31667,430,0.14,6,4,90,90,72.83047485,18.92995789,72.83047485,18.92995789,MEDIUM RISE,3,1
5,5,6,2,1,5,18,809.998666666999,RIC,2,30,71,40,53,10,,0,103,2556,1920,352,4828,28060,1943,3372,12.0241,431,0.420222222,6,10,809.998666667,809.999,72.83332515,18.9299421,72.8333251499999,18.9299421,LOW MED HIGH RISE,5,1
1,0,0,0,1,1,1,160,RIC,0,0,40,8,4,28,,0,40,1440,0,0,1440,12000,432,1180,5.75556,432,0.186666667,8,7,160,160,72.83617455,18.93000788,72.8361745499999,18.93000788,MEDIUM RISE,0,0
1,0,0,0,1,1,1,10,I,0,0,10,0,0,10,,0,10,360,0,0,360,3000,90,230,1.43889,433,0.046666667,5,8,10,10,72.83902515,18.9300421,72.8390251499999,18.9300421,MEDIUM RISE,1,1
1,0,0,0,2,1,1,96.9546666667,RC,14,0,0,12,2,0,,0,14,0,0,2464,2464,7420,286,858,7.056,434,0.108888889,3,18.25,96.9546666667,96.9547,72.82196607,18.92713274,72.82196607,18.92713274,HIGH RISE,2,2
1,0,0,0,1,1,1,57.8146666666999,RC,4,0,15,6,0,13,,0,19,540,0,704,1244,6620,199,683,4.17433,435,0.101111111,1,8,57.8146666667,57.8147,72.82768333,18.92718333,72.8276833299999,18.9271833299999,MED HIGH RISE,0,0
1,0,0,0,1,1,1,72.9,C,0,0,27,24,3,0,,0,27,972,0,0,972,8100,261,1446,3.885,436,0.126,3,9,72.9,72.9,72.83051667,18.92721667,72.8305166699999,18.92721667,MEDIUM RISE,0,0
1,0,0,0,1,1,1,435.6,RIC,0,0,66,35,21,10,,0,66,2376,0,0,2376,19800,986,2638,9.49667,437,0.308,7,18.3299999999999,435.6,435.6,72.83337485,18.92725789,72.8333748499999,18.92725789,MEDIUM RISE,1,1
1,0,0,0,1,1,1,203.872,R,18,0,5,0,23,0,,0,23,180,0,3168,3348,11040,893,576,9.79144,438,0.163333333,4,11.5,203.872,203.872,72.82202545,18.92439212,72.8220254499999,18.92439212,MED HIGH RISE,0,0
1,0,0,0,1,1,1,142.057999999999,RC,11,0,13,5,19,0,,0,24,468,0,1936,2404,9730,734,731,7.41456,439,0.146222222,3,7,142.058,142.058,72.82487485,18.92445789,72.82487485,18.9244578899999,MED HIGH RISE,1,1
1,0,0,0,1,1,1,142.958666666999,R,17,0,0,0,17,0,,0,17,0,0,2992,2992,9010,697,459,8.568,440,0.132222222,4,7,142.958666667,142.959,72.82772515,18.92444211,72.82772515,18.92444211,HIGH RISE,0,0
1,0,0,0,1,1,1,129.599999999999,RC,0,0,36,10,26,0,,0,36,1296,0,0,1296,10800,876,1048,5.18,441,0.168,1,7,129.6,129.6,72.83057455,18.92450788,72.8305745499999,18.92450788,MEDIUM RISE,0,0
1,0,0,0,1,1,1,160,RIC,0,0,40,20,12,8,,0,40,1440,0,0,1440,12000,584,1560,5.75556,442,0.186666667,3,11,160,160,72.8334,18.92455,72.8333999999999,18.92455,MEDIUM RISE,1,1
1,0,0,0,1,1,1,132.111111111,RC,0,70,4,2,72,0,,0,74,144,4480,0,4624,14500,2036,1062,2.44222,443,0.189777778,1,7,132.111111111,132.111,72.8249,18.92175,72.8249,18.9217499999999,LOW MED RISE,0,0
3,2,3,1,2,4,9,1318.81199999999,RC,3,0,108,45,66,0,,0,111,3888,0,528,4416,33990,2391,3825,17.052,444,0.527333333,9,7,1318.812,1318.81,72.8306,18.9218,72.8306,18.9218,MED HIGH RISE,8,2
1,0,0,0,1,1,1,214.783333333,RC,5,0,35,20,20,0,,0,40,1260,0,880,2140,13150,810,1565,7.55611,445,0.202222222,4,10,214.783333333,214.783,72.83342515,18.9218421,72.8334251499999,18.9218420999999,MED HIGH RISE,1,1
1,0,0,0,1,1,1,136.3,R,0,60,9,0,69,0,,0,69,324,3840,0,4164,14100,1959,942,2.895,446,0.188666667,1,5,136.3,136.3,72.82492515,18.9190421,72.8249251499999,18.9190420999999,LOW MED RISE,0,0
3,1,3,1,3,3,8,640,RC,0,0,80,15,65,0,,0,80,2880,0,0,2880,24000,2120,2040,11.5111,447,0.373333333,11,6.9,640,640,72.82777485,18.91905789,72.8277748499999,18.91905789,MEDIUM RISE,9,3
2,2,2,1,1,3,7,774.399999999999,RC,0,0,88,30,58,0,,0,88,3168,0,0,3168,26400,2008,2784,12.6622,448,0.410666667,6,7,774.4,774.4,72.83062545,18.91909212,72.8306254499999,18.9190921199999,MEDIUM RISE,3,1
1,0,0,0,1,1,1,75.768,RC,6,0,14,3,17,0,,0,20,504,0,1056,1560,7380,608,534,5.03844,449,0.112,4,14.6,75.768,75.768,72.81927485,18.91625789,72.8192748499999,18.91625789,MED HIGH RISE,0,0
2,1,2,0,1,2,5,195.537777777999,RC,6,28,17,31,20,0,,0,51,612,1792,1056,3460,13600,813,2072,6.21678,450,0.194444444,2,11,195.537777778,195.538,72.82496607,18.91633274,72.82496607,18.91633274,LOW MED HIGH RISE,2,1
3,2,3,1,2,4,9,1284.44444444,RC,0,170,34,83,121,0,,0,204,1224,1088,0,2312,42500,3822,6142,9.42556,451,0.574222222,18,13.33,1284.44444444,1284.44,72.82782515,18.9163421,72.8278251499999,18.9163421,LOW MED RISE,8,2
2,2,2,1,1,3,7,567.352666666999,RC,4,133,4,13,128,0,,0,141,144,8512,704,9360,28590,3700,2429,6.13822,452,0.374888889,8,9.5,567.352666667,567.353,72.83068333,18.91638333,72.8306833299999,18.9163833299999,LOW MED HIGH RISE,3,1
1,0,0,0,1,1,1,716.181333332999,R,14,110,0,0,124,0,,0,124,0,7040,2464,9504,28320,3654,1808,9.98933,453,0.377777778,4,12.75,716.181333333,716.181,72.80792545,18.91339212,72.8079254499999,18.91339212,LOW HIGH RISE,0,0
2,1,1,0,3,3,4,34.7286666667,RC,7,0,3,3,7,0,,0,10,108,0,1232,1340,4610,308,363,3.95967,454,0.068444444,4,7,34.7286666667,34.7287,72.81932515,18.9135421,72.8193251499999,18.9135421,MED HIGH RISE,3,3
1,0,0,0,1,1,1,314.668,RC,4,0,47,6,45,0,,0,51,1692,0,704,2396,16220,1477,1194,8.77877999999999,455,0.250444444,2,6,314.668,314.668,72.82217485,18.91355789,72.8221748499999,18.91355789,MED HIGH RISE,0,0
1,0,0,0,1,1,1,68.2,RIC,0,30,12,27,12,3,,0,42,432,1920,0,2352,9300,498,1701,2.52667,456,0.129333333,6,8.25,68.2,68.2,72.825,18.9136,72.825,18.9135999999999,LOW MED RISE,1,1
1,2,2,1,3,3,6,248.527999999999,R,16,0,14,0,30,0,,0,30,504,0,2816,3320,12680,1090,684,10.0784,457,0.189777778,4,17,248.528,248.528,72.8108,18.91075,72.8108,18.91075,MED HIGH RISE,7,3
2,2,2,1,3,3,7,636.844444444,R,0,160,6,0,156,0,,0,166,216,1024,0,1240,32200,4406,2088,5.13,458,0.419111111,7,9,636.844444444,636.844,72.81365,18.91075,72.8136499999999,18.91075,LOW MED RISE,9,3
3,1,3,1,1,3,8,1156.94444444,R,0,200,15,0,208,7,,0,215,540,1280,0,1820,42500,5911,2905,7.49167,459,0.558888889,18,11,1156.94444444,1156.94,72.8165,18.9108,72.8165,18.9107999999999,LOW MED RISE,3,1
2,1,2,0,2,2,5,336.124444444,RC,0,68,26,10,84,0,,0,94,936,4352,0,5288,20720,2470,1752,5.55444,460,0.287555556,1,7,336.124444444,336.124,72.81935,18.91085,72.81935,18.91085,LOW MED RISE,4,2
1,0,0,0,1,1,1,102.405333333,R,8,0,14,0,22,0,,0,22,504,0,1408,1912,8440,762,468,6.04644,461,0.127555556,1,6,102.405333333,102.405,72.8222,18.91085,72.8221999999999,18.91085,MED HIGH RISE,0,0
1,0,0,0,1,1,1,10,R,0,0,10,0,10,0,,0,10,360,0,0,360,3000,310,180,1.43889,462,0.046666667,1,15,10,10,72.80515,18.90795,72.8051499999999,18.90795,MEDIUM RISE,0,0
1,0,0,0,1,1,1,44.2346666667,RC,4,0,12,2,14,0,,0,16,432,0,704,1136,5720,488,404,3.74267,463,0.087111111,1,7,44.2346666667,44.2347,72.81081667,18.90801667,72.8108166699999,18.9080166699999,MED HIGH RISE,1,1
1,0,0,0,1,1,1,28.8999999999999,RC,0,0,17,6,11,0,,0,17,612,0,0,612,5100,383,546,2.44611,464,0.079333333,1,24,28.9,28.9,72.80517485,18.90525789,72.80517485,18.90525789,MEDIUM RISE,1,1
