Index,FireTruck2,Rescue_veh,Water truc,Ambulance,compact,X,Y,vehicles_list,"X,Y",potential
0,2,1,2,0,0.276666667,72.8352,19.00585,"[2, 1, 2, 0]","(72.8352, 19.00585)",1
1,1,0,0,0,0.026888889,72.858,19.00615,"[1, 0, 0, 0]","(72.858, 19.00615)",1
2,1,0,0,0,0.004888889,72.86082515,19.00614211,"[1, 0, 0, 0]","(72.86082515, 19.00614211)",1
3,1,0,0,0,0.004888889,72.86368333,19.00618333,"[1, 0, 0, 0]","(72.86368333, 19.00618333)",0
4,1,0,0,0,0.024444444,72.86087485,19.00345789,"[1, 0, 0, 0]","(72.86087485, 19.00345789)",1
5,1,0,0,0,0.094888889,72.81247485,19.00015789,"[1, 0, 0, 0]","(72.81247485, 19.00015789)",1
6,5,0,0,0,0.433333333,72.81817485,19.00025789,"[5, 0, 0, 0]","(72.81817485, 19.00025789)",1
7,1,0,0,0,0.28177777800000003,72.85807455,19.00070788,"[1, 0, 0, 0]","(72.85807455, 19.00070788)",1
8,1,0,0,0,0.098,72.86092515,19.0007421,"[1, 0, 0, 0]","(72.86092515, 19.0007421)",1
9,1,0,0,0,0.364888889,72.81252515,18.9974421,"[1, 0, 0, 0]","(72.81252515, 18.9974421)",1
10,1,0,0,0,0.245555556,72.81822515,18.99754211,"[1, 0, 0, 0]","(72.81822515, 18.99754211)",1
11,1,0,0,0,0.569333333,72.8467,18.99785,"[1, 0, 0, 0]","(72.8467, 18.99785)",1
12,1,0,0,0,0.433333333,72.81257485,18.99475789,"[1, 0, 0, 0]","(72.81257485, 18.99475789)",1
13,1,0,0,0,0.281111111,72.81826607,18.99483274,"[1, 0, 0, 0]","(72.81826607, 18.99483274)",1
14,5,0,0,0,0.253777778,72.85527485,18.99525789,"[5, 0, 0, 0]","(72.85527485, 18.99525789)",1
15,1,0,0,0,0.004888889,72.85813393,18.99526726,"[1, 0, 0, 0]","(72.85813393, 18.99526726)",1
16,1,0,0,0,0.339111111,72.8126,18.99205,"[1, 0, 0, 0]","(72.8126, 18.99205)",1
17,1,0,0,0,0.18,72.82682545,18.99219212,"[1, 0, 0, 0]","(72.82682545, 18.99219212)",1
18,1,0,0,0,0.24688888899999997,72.85532515,18.9925421,"[1, 0, 0, 0]","(72.85532515, 18.9925421)",1
19,1,0,0,0,0.012222222,72.8582,18.98985,"[1, 0, 0, 0]","(72.8582, 18.98985)",0
20,1,0,0,0,0.055999999999999994,72.81267485,18.9866579,"[1, 0, 0, 0]","(72.81267485, 18.9866579)",0
21,1,0,0,0,0.048888889000000005,72.81837455,18.98670788,"[1, 0, 0, 0]","(72.81837455, 18.98670788)",1
22,1,0,0,0,0.073333333,72.8497,18.98705,"[1, 0, 0, 0]","(72.8497, 18.98705)",1
23,1,0,0,0,0.036666667,72.85822515,18.98714211,"[1, 0, 0, 0]","(72.85822515, 18.98714211)",1
24,1,0,0,0,0.023333332999999998,72.81555,18.98395,"[1, 0, 0, 0]","(72.81555, 18.98395)",1
25,1,0,0,0,0.004888889,72.81840848,18.98397515,"[1, 0, 0, 0]","(72.81840848, 18.98397515)",0
26,1,0,0,0,0.036666667,72.85827485,18.9844579,"[1, 0, 0, 0]","(72.85827485, 18.9844579)",1
27,1,0,0,0,0.023333332999999998,72.81272545,18.98119212,"[1, 0, 0, 0]","(72.81272545, 18.98119212)",0
28,4,2,3,1,0.164444444,72.83267485,18.98145789,"[4, 2, 3, 1]","(72.83267485, 18.98145789)",1
29,2,1,1,0,0.19555555600000002,72.85262515,18.981642100000002,"[2, 1, 1, 0]","(72.85262515, 18.981642100000002)",1
30,1,0,0,0,0.171111111,72.85547455,18.98170788,"[1, 0, 0, 0]","(72.85547455, 18.98170788)",1
31,1,0,0,0,0.189777778,72.8583,18.98175,"[1, 0, 0, 0]","(72.8583, 18.98175)",1
32,1,0,0,0,0.027999999999999997,72.86115,18.98175,"[1, 0, 0, 0]","(72.86115, 18.98175)",0
33,1,1,1,0,0.19111111100000003,72.80707485,18.9784579,"[1, 1, 1, 0]","(72.80707485, 18.9784579)",0
34,1,0,1,0,0.10111111099999999,72.80992515,18.97844211,"[1, 0, 1, 0]","(72.80992515, 18.97844211)",1
35,1,0,0,0,0.037333332999999996,72.81277455,18.97850788,"[1, 0, 0, 0]","(72.81277455, 18.97850788)",1
36,1,0,0,0,0.046666667,72.81562515,18.97854211,"[1, 0, 0, 0]","(72.81562515, 18.97854211)",1
37,1,0,0,0,0.094444444,72.82132545,18.97859212,"[1, 0, 0, 0]","(72.82132545, 18.97859212)",0
38,1,0,0,0,0.062222222,72.82417485,18.97865789,"[1, 0, 0, 0]","(72.82417485, 18.97865789)",1
39,1,0,0,0,0.265555556,72.82702515,18.97864211,"[1, 0, 0, 0]","(72.82702515, 18.97864211)",1
40,1,0,0,0,0.009333333000000001,72.83555,18.97875,"[1, 0, 0, 0]","(72.83555, 18.97875)",1
41,1,0,0,0,0.023333332999999998,72.8555,18.979,"[1, 0, 0, 0]","(72.8555, 18.979)",0
42,1,0,0,0,0.07777777799999999,72.80428333,18.97568333,"[1, 0, 0, 0]","(72.80428333, 18.97568333)",1
43,1,0,0,0,0.042,72.81564121,18.97582485,"[1, 0, 0, 0]","(72.81564121, 18.97582485)",0
44,1,0,0,0,0.31,72.82135879,18.97587515,"[1, 0, 0, 0]","(72.82135879, 18.97587515)",0
45,1,0,0,0,0.315555556,72.84981667,18.97621667,"[1, 0, 0, 0]","(72.84981667, 18.97621667)",1
46,1,0,0,0,0.10044444400000001,72.83277455,18.97330788,"[1, 0, 0, 0]","(72.83277455, 18.97330788)",1
47,1,0,0,0,0.171111111,72.84705,18.97075,"[1, 0, 0, 0]","(72.84705, 18.97075)",1
48,1,0,0,0,0.408888889,72.8243,18.9678,"[1, 0, 0, 0]","(72.8243, 18.9678)",1
49,1,1,1,0,0.11822222199999999,72.80156607,18.96483274,"[1, 1, 1, 0]","(72.80156607, 18.96483274)",0
50,1,0,0,0,0.023333332999999998,72.84998333,18.96538333,"[1, 0, 0, 0]","(72.84998333, 18.96538333)",0
51,2,2,2,1,0.295555556,72.80442515,18.96214211,"[2, 2, 2, 1]","(72.80442515, 18.96214211)",1
52,4,0,0,0,0.178888889,72.80727485,18.96215789,"[4, 0, 0, 0]","(72.80727485, 18.96215789)",1
53,1,0,0,0,0.036666667,72.84147485,18.9625579,"[1, 0, 0, 0]","(72.84147485, 18.9625579)",1
54,1,0,0,0,0.048888889000000005,72.84432545,18.96259212,"[1, 0, 0, 0]","(72.84432545, 18.96259212)",1
55,4,0,0,0,0.046666667,72.80447485,18.95945789,"[4, 0, 0, 0]","(72.80447485, 18.95945789)",0
56,1,0,0,0,0.08866666699999999,72.84435,18.9599,"[1, 0, 0, 0]","(72.84435, 18.9599)",1
57,4,0,0,0,0.048888889000000005,72.8472,18.95995,"[4, 0, 0, 0]","(72.8472, 18.95995)",1
58,1,0,0,0,0.12733333300000002,72.79596607,18.95663274,"[1, 0, 0, 0]","(72.79596607, 18.95663274)",0
59,4,0,0,0,0.027999999999999997,72.80451667,18.95671667,"[4, 0, 0, 0]","(72.80451667, 18.95671667)",0
60,1,0,0,0,0.22555555600000002,72.83866607,18.95713274,"[1, 0, 0, 0]","(72.83866607, 18.95713274)",1
61,4,0,0,0,0.015555556000000002,72.79317485,18.95385789,"[4, 0, 0, 0]","(72.79317485, 18.95385789)",0
62,1,0,0,0,0.11666666699999999,72.80455,18.954,"[1, 0, 0, 0]","(72.80455, 18.954)",1
63,4,0,0,0,0.042,72.81307455,18.95410788,"[4, 0, 0, 0]","(72.81307455, 18.95410788)",1
64,4,0,0,0,0.007333333,72.84442515,18.95444211,"[4, 0, 0, 0]","(72.84442515, 18.95444211)",1
65,3,0,0,0,0.149333333,72.79887485,18.95125789,"[3, 0, 0, 0]","(72.79887485, 18.95125789)",1
66,4,0,0,0,0.161777778,72.80457455,18.95130788,"[4, 0, 0, 0]","(72.80457455, 18.95130788)",1
67,1,0,0,0,0.009777778,72.84445,18.95175,"[1, 0, 0, 0]","(72.84445, 18.95175)",1
68,4,0,0,0,0.15555555599999998,72.79892515,18.94854211,"[4, 0, 0, 0]","(72.79892515, 18.94854211)",1
69,1,0,0,0,0.007777778000000001,72.81887485,18.94875789,"[1, 0, 0, 0]","(72.81887485, 18.94875789)",0
70,4,0,0,0,0.10822222199999999,72.8217,18.9488,"[4, 0, 0, 0]","(72.8217, 18.9488)",1
71,1,0,0,0,0.009333333000000001,72.82173393,18.94606726,"[1, 0, 0, 0]","(72.82173393, 18.94606726)",1
72,1,0,0,0,0.014666667,72.83883393,18.94626726,"[1, 0, 0, 0]","(72.83883393, 18.94626726)",1
73,1,0,0,0,0.022000000000000002,72.84452515,18.94634211,"[1, 0, 0, 0]","(72.84452515, 18.94634211)",0
74,4,0,0,0,0.056444444,72.7933,18.94305,"[4, 0, 0, 0]","(72.7933, 18.94305)",0
75,1,0,0,0,0.032666667,72.79615,18.94305,"[1, 0, 0, 0]","(72.79615, 18.94305)",0
76,1,0,0,0,0.004888889,72.82177485,18.9433579,"[1, 0, 0, 0]","(72.82177485, 18.9433579)",0
77,1,0,0,0,0.18666666699999998,72.83887485,18.94355789,"[1, 0, 0, 0]","(72.83887485, 18.94355789)",1
78,1,0,0,0,0.007333333,72.8417,18.9436,"[1, 0, 0, 0]","(72.8417, 18.9436)",0
79,1,0,0,0,0.007333333,72.84455,18.94365,"[1, 0, 0, 0]","(72.84455, 18.94365)",0
80,1,0,0,0,0.046666667,72.79332515,18.94034211,"[1, 0, 0, 0]","(72.79332515, 18.94034211)",1
81,1,0,0,0,0.098,72.82467455,18.94070788,"[1, 0, 0, 0]","(72.82467455, 18.94070788)",1
82,1,0,0,0,0.013999999999999999,72.83035,18.94075,"[1, 0, 0, 0]","(72.83035, 18.94075)",1
83,1,0,0,0,0.004888889,72.84172545,18.94089212,"[1, 0, 0, 0]","(72.84172545, 18.94089212)",0
84,1,0,0,0,0.004888889,72.84457485,18.94095789,"[1, 0, 0, 0]","(72.84457485, 18.94095789)",0
85,1,0,0,0,0.108888889,72.8247,18.938,"[1, 0, 0, 0]","(72.8247, 18.938)",1
86,1,0,0,0,0.019555556,72.83037485,18.93805789,"[1, 0, 0, 0]","(72.83037485, 18.93805789)",1
87,1,0,0,0,0.014666667,72.84177455,18.93820788,"[1, 0, 0, 0]","(72.84177455, 18.93820788)",0
88,3,0,0,0,0.009333333000000001,72.84462515,18.9382421,"[3, 0, 0, 0]","(72.84462515, 18.9382421)",0
89,1,0,0,0,0.161777778,72.83042515,18.93534211,"[1, 0, 0, 0]","(72.83042515, 18.93534211)",1
90,1,0,0,0,0.013999999999999999,72.82192515,18.93254211,"[1, 0, 0, 0]","(72.82192515, 18.93254211)",1
91,1,0,0,0,0.11666666699999999,72.8276,18.9326,"[1, 0, 0, 0]","(72.8276, 18.9326)",1
92,1,0,0,0,0.07311111099999999,72.82195,18.92985,"[1, 0, 0, 0]","(72.82195, 18.92985)",1
93,1,0,0,0,0.031111111,72.81913393,18.92706726,"[1, 0, 0, 0]","(72.81913393, 18.92706726)",1
94,1,0,0,0,0.06044444400000001,72.82482515,18.92714211,"[1, 0, 0, 0]","(72.82482515, 18.92714211)",1
95,2,0,0,0,0.045111110999999995,72.81917485,18.92435789,"[2, 0, 0, 0]","(72.81917485, 18.92435789)",1
96,1,0,0,0,0.105777778,72.82775,18.92175,"[1, 0, 0, 0]","(72.82775, 18.92175)",1
97,1,0,0,0,0.015555556000000002,72.8164,18.91895,"[1, 0, 0, 0]","(72.8164, 18.91895)",1
98,4,0,0,0,0.037333332999999996,72.83347485,18.91915789,"[4, 0, 0, 0]","(72.83347485, 18.91915789)",1
99,1,0,0,0,0.062222222,72.81641667,18.91621667,"[1, 0, 0, 0]","(72.81641667, 18.91621667)",1
100,1,1,1,0,0.2,72.82213393,18.91626726,"[1, 1, 1, 0]","(72.82213393, 18.91626726)",1
101,2,1,2,0,0.39,72.81077485,18.91345789,"[2, 1, 2, 0]","(72.81077485, 18.91345789)",1
102,2,2,2,1,0.378444444,72.81647455,18.91350788,"[2, 2, 2, 1]","(72.81647455, 18.91350788)",1
103,1,0,0,0,0.093333333,72.82785,18.91365,"[1, 0, 0, 0]","(72.82785, 18.91365)",1
104,2,2,2,0,0.313333333,72.80797455,18.91070788,"[2, 2, 2, 0]","(72.80797455, 18.91070788)",1
105,1,0,0,0,0.07,72.82502545,18.91089212,"[1, 0, 0, 0]","(72.82502545, 18.91089212)",1
106,1,1,1,0,0.14622222199999999,72.80800848,18.90797515,"[1, 1, 1, 0]","(72.80800848, 18.90797515)",1
107,1,1,1,0,0.137333333,72.81367485,18.90805789,"[1, 1, 1, 0]","(72.81367485, 18.90805789)",1
108,1,0,0,0,0.069777778,72.81653393,18.90806726,"[1, 0, 0, 0]","(72.81653393, 18.90806726)",1
109,1,0,0,0,0.032666667,72.81936607,18.90813274,"[1, 0, 0, 0]","(72.81936607, 18.90813274)",1
110,1,0,0,0,0.007333333,72.81372515,18.9053421,"[1, 0, 0, 0]","(72.81372515, 18.9053421)",1
111,1,0,0,0,0.033111111,72.81657485,18.90535789,"[1, 0, 0, 0]","(72.81657485, 18.90535789)",1
112,1,0,0,0,0.096444444,72.80522515,18.90254211,"[1, 0, 0, 0]","(72.80522515, 18.90254211)",1
113,4,0,0,0,0.47444444399999997,72.81526607,19.00563274,"[4, 0, 0, 0]","(72.81526607, 19.00563274)",1
114,1,0,0,0,0.217777778,72.81812515,19.0056421,"[1, 0, 0, 0]","(72.81812515, 19.0056421)",1
115,1,0,0,0,0.373333333,72.82097455,19.00570788,"[1, 0, 0, 0]","(72.82097455, 19.00570788)",1
116,1,0,0,0,0.27,72.82382515,19.0057421,"[1, 0, 0, 0]","(72.82382515, 19.0057421)",1
117,4,0,0,0,0.149333333,72.82667485,19.00575789,"[4, 0, 0, 0]","(72.82667485, 19.00575789)",1
118,1,0,0,0,0.272222222,72.82952545,19.00579212,"[1, 0, 0, 0]","(72.82952545, 19.00579212)",1
119,1,0,0,0,0.42666666700000005,72.83237485,19.0058579,"[1, 0, 0, 0]","(72.83237485, 19.0058579)",1
120,1,0,0,0,0.5,72.83805,19.0059,"[1, 0, 0, 0]","(72.83805, 19.0059)",1
121,1,0,0,0,0.49777777799999995,72.8409,19.00595,"[1, 0, 0, 0]","(72.8409, 19.00595)",1
122,1,0,0,0,0.521111111,72.84375,19.00595,"[1, 0, 0, 0]","(72.84375, 19.00595)",1
123,3,3,3,1,0.7002222220000001,72.8466,19.006,"[3, 3, 3, 1]","(72.8466, 19.006)",1
124,1,0,0,0,0.484444444,72.84945,19.00605,"[1, 0, 0, 0]","(72.84945, 19.00605)",1
125,1,0,0,0,0.237333333,72.8523,19.00605,"[1, 0, 0, 0]","(72.8523, 19.00605)",1
126,1,0,0,0,0.439555556,72.85515,19.0061,"[1, 0, 0, 0]","(72.85515, 19.0061)",1
127,1,0,0,0,0.107333333,72.81245,19.00285,"[1, 0, 0, 0]","(72.81245, 19.00285)",1
128,1,0,0,0,0.272222222,72.81529152,19.00292485,"[1, 0, 0, 0]","(72.81529152, 19.00292485)",1
129,4,0,0,0,0.402888889,72.81815,19.00295,"[4, 0, 0, 0]","(72.81815, 19.00295)",1
130,1,0,0,0,0.49,72.82100848,19.00297515,"[1, 0, 0, 0]","(72.82100848, 19.00297515)",1
131,1,0,0,0,0.218,72.82384121,19.00302485,"[1, 0, 0, 0]","(72.82384121, 19.00302485)",1
132,1,0,0,0,0.150888889,72.8267,19.00305,"[1, 0, 0, 0]","(72.8267, 19.00305)",1
133,1,0,0,0,0.42,72.82955879,19.00307515,"[1, 0, 0, 0]","(72.82955879, 19.00307515)",1
134,1,0,0,0,0.19555555600000002,72.83239152,19.00312485,"[1, 0, 0, 0]","(72.83239152, 19.00312485)",1
135,1,0,0,0,0.171111111,72.83522515,19.00314211,"[1, 0, 0, 0]","(72.83522515, 19.00314211)",1
136,1,0,0,0,0.525555556,72.83808333,19.00318333,"[1, 0, 0, 0]","(72.83808333, 19.00318333)",1
137,1,0,0,0,0.42,72.84091667,19.00321667,"[1, 0, 0, 0]","(72.84091667, 19.00321667)",1
138,1,0,0,0,0.252,72.84377485,19.00325789,"[1, 0, 0, 0]","(72.84377485, 19.00325789)",1
139,2,1,2,0,0.194444444,72.84663393,19.00326726,"[2, 1, 2, 0]","(72.84663393, 19.00326726)",1
140,1,0,0,0,0.566666667,72.84946607,19.00333274,"[1, 0, 0, 0]","(72.84946607, 19.00333274)",1
141,1,0,0,0,0.10266666699999999,72.85232515,19.00334211,"[1, 0, 0, 0]","(72.85232515, 19.00334211)",1
142,1,0,0,0,0.255111111,72.85518333,19.00338333,"[1, 0, 0, 0]","(72.85518333, 19.00338333)",1
143,1,0,0,0,0.039111111000000004,72.85801667,19.00341667,"[1, 0, 0, 0]","(72.85801667, 19.00341667)",1
144,1,0,0,0,0.551111111,72.81532545,19.00019212,"[1, 0, 0, 0]","(72.81532545, 19.00019212)",1
145,1,0,0,0,0.456666667,72.82102515,19.0002421,"[1, 0, 0, 0]","(72.82102515, 19.0002421)",1
146,1,0,0,0,0.264444444,72.82387455,19.00030788,"[1, 0, 0, 0]","(72.82387455, 19.00030788)",1
147,1,2,1,0,0.15555555599999998,72.82672515,19.00034211,"[1, 2, 1, 0]","(72.82672515, 19.00034211)",1
148,1,0,0,0,0.165555556,72.82957485,19.0003579,"[1, 0, 0, 0]","(72.82957485, 19.0003579)",1
149,1,0,0,0,0.187555556,72.83242545,19.00039212,"[1, 0, 0, 0]","(72.83242545, 19.00039212)",1
150,1,0,0,0,0.24111111100000002,72.83812515,19.00044211,"[1, 0, 0, 0]","(72.83812515, 19.00044211)",1
151,3,2,2,1,0.617111111,72.84097455,19.00050788,"[3, 2, 2, 1]","(72.84097455, 19.00050788)",1
152,1,0,0,0,0.662222222,72.84382515,19.00054211,"[1, 0, 0, 0]","(72.84382515, 19.00054211)",1
153,1,2,2,1,0.47333333299999997,72.84667485,19.00055789,"[1, 2, 2, 1]","(72.84667485, 19.00055789)",1
154,1,0,0,0,0.585555556,72.84952545,19.00059212,"[1, 0, 0, 0]","(72.84952545, 19.00059212)",1
155,1,0,0,0,0.177777778,72.85237485,19.00065789,"[1, 0, 0, 0]","(72.85237485, 19.00065789)",1
156,5,0,0,0,0.379555556,72.85522515,19.00064211,"[5, 0, 0, 0]","(72.85522515, 19.00064211)",1
157,1,0,0,0,0.407777778,72.81537455,18.99750788,"[1, 0, 0, 0]","(72.81537455, 18.99750788)",1
158,1,0,0,0,0.258888889,72.82107485,18.9975579,"[1, 0, 0, 0]","(72.82107485, 18.9975579)",1
159,3,1,3,1,0.434444444,72.82392545,18.99759212,"[3, 1, 3, 1]","(72.82392545, 18.99759212)",1
160,1,0,0,0,0.441111111,72.82677485,18.9976579,"[1, 0, 0, 0]","(72.82677485, 18.9976579)",1
161,1,0,0,0,0.38,72.82962515,18.99764211,"[1, 0, 0, 0]","(72.82962515, 18.99764211)",1
162,1,0,0,0,0.022000000000000002,72.83247455,18.99770788,"[1, 0, 0, 0]","(72.83247455, 18.99770788)",1
163,1,0,0,0,0.40444444399999996,72.83817485,18.99775789,"[1, 0, 0, 0]","(72.83817485, 18.99775789)",1
164,1,2,2,1,0.575555556,72.84100000000001,18.9978,"[1, 2, 2, 1]","(72.84100000000001, 18.9978)",1
165,2,1,2,0,0.295555556,72.84385,18.99785,"[2, 1, 2, 0]","(72.84385, 18.99785)",1
166,5,3,3,2,0.606666667,72.84955,18.9979,"[5, 3, 3, 2]","(72.84955, 18.9979)",1
167,1,0,0,0,0.43,72.8524,18.99795,"[1, 0, 0, 0]","(72.8524, 18.99795)",1
168,1,0,0,0,0.019555556,72.85525,18.99795,"[1, 0, 0, 0]","(72.85525, 18.99795)",1
169,1,0,0,0,0.146666667,72.8581,18.998,"[1, 0, 0, 0]","(72.8581, 18.998)",1
170,1,0,0,0,0.23177777800000002,72.81543393,18.99476726,"[1, 0, 0, 0]","(72.81543393, 18.99476726)",1
171,4,2,3,1,0.6166666670000001,72.8211,18.99485,"[4, 2, 3, 1]","(72.8211, 18.99485)",1
172,1,0,0,0,0.133777778,72.82395879,18.99487515,"[1, 0, 0, 0]","(72.82395879, 18.99487515)",1
173,2,1,2,0,0.29111111100000003,72.82679152,18.99492485,"[2, 1, 2, 0]","(72.82679152, 18.99492485)",1
174,1,0,0,0,0.238888889,72.82965,18.99495,"[1, 0, 0, 0]","(72.82965, 18.99495)",1
175,1,0,0,0,0.13,72.83250848,18.99497515,"[1, 0, 0, 0]","(72.83250848, 18.99497515)",1
176,1,0,0,0,0.107777778,72.83534121,18.99502485,"[1, 0, 0, 0]","(72.83534121, 18.99502485)",1
177,1,0,0,0,0.285555556,72.8382,18.99505,"[1, 0, 0, 0]","(72.8382, 18.99505)",1
178,3,0,0,0,0.347777778,72.84103393,18.99506726,"[3, 0, 0, 0]","(72.84103393, 18.99506726)",1
179,1,0,0,0,0.304888889,72.84386607,18.99513274,"[1, 0, 0, 0]","(72.84386607, 18.99513274)",1
180,1,0,0,0,0.495555556,72.84672515,18.99514211,"[1, 0, 0, 0]","(72.84672515, 18.99514211)",1
181,1,0,0,0,0.612,72.84958333,18.99518333,"[1, 0, 0, 0]","(72.84958333, 18.99518333)",1
182,1,0,0,0,0.28622222199999997,72.85241667,18.99521667,"[1, 0, 0, 0]","(72.85241667, 18.99521667)",1
183,1,0,0,0,0.187555556,72.81545,18.99205,"[1, 0, 0, 0]","(72.81545, 18.99205)",1
184,1,0,0,0,0.21111111100000002,72.82112515,18.99214211,"[1, 0, 0, 0]","(72.82112515, 18.99214211)",1
185,1,1,1,0,0.233333333,72.82397485,18.9921579,"[1, 1, 1, 0]","(72.82397485, 18.9921579)",1
186,1,0,0,0,0.214666667,72.82967485,18.99225789,"[1, 0, 0, 0]","(72.82967485, 18.99225789)",1
187,3,3,2,0,0.298666667,72.83252515,18.99224211,"[3, 3, 2, 0]","(72.83252515, 18.99224211)",1
188,1,0,0,0,0.254888889,72.83537455,18.99230788,"[1, 0, 0, 0]","(72.83537455, 18.99230788)",1
189,1,0,0,0,0.407777778,72.83822515,18.99234211,"[1, 0, 0, 0]","(72.83822515, 18.99234211)",1
190,1,0,0,0,0.427777778,72.84107485,18.99235789,"[1, 0, 0, 0]","(72.84107485, 18.99235789)",1
191,3,2,3,1,0.726666667,72.84392545,18.99239212,"[3, 2, 3, 1]","(72.84392545, 18.99239212)",1
192,1,0,0,0,0.382666667,72.84677485,18.99245789,"[1, 0, 0, 0]","(72.84677485, 18.99245789)",1
193,1,0,0,0,0.406222222,72.84962515,18.99244211,"[1, 0, 0, 0]","(72.84962515, 18.99244211)",1
194,1,0,0,0,0.232222222,72.85247455,18.99250788,"[1, 0, 0, 0]","(72.85247455, 18.99250788)",1
195,1,0,0,0,0.189777778,72.81262515,18.98934211,"[1, 0, 0, 0]","(72.81262515, 18.98934211)",1
196,1,0,0,0,0.347777778,72.81547485,18.989357899999998,"[1, 0, 0, 0]","(72.81547485, 18.989357899999998)",1
197,1,0,0,0,0.32666666699999997,72.82402515,18.98944211,"[1, 0, 0, 0]","(72.82402515, 18.98944211)",1
198,1,0,0,0,0.24933333300000002,72.82687455,18.98950788,"[1, 0, 0, 0]","(72.82687455, 18.98950788)",1
199,2,1,2,0,0.263111111,72.82972515,18.98954211,"[2, 1, 2, 0]","(72.82972515, 18.98954211)",1
200,1,0,0,0,0.308666667,72.83257485,18.98955789,"[1, 0, 0, 0]","(72.83257485, 18.98955789)",1
201,1,0,0,0,0.358,72.83542545,18.98959212,"[1, 0, 0, 0]","(72.83542545, 18.98959212)",1
202,1,0,0,0,0.37,72.83827485,18.98965789,"[1, 0, 0, 0]","(72.83827485, 18.98965789)",1
203,1,0,0,0,0.593333333,72.84112515,18.98964211,"[1, 0, 0, 0]","(72.84112515, 18.98964211)",1
204,1,0,0,0,0.44777777799999996,72.84397455,18.98970788,"[1, 0, 0, 0]","(72.84397455, 18.98970788)",1
205,1,0,0,0,0.267777778,72.84682515,18.9897421,"[1, 0, 0, 0]","(72.84682515, 18.9897421)",1
206,1,0,0,0,0.19555555600000002,72.8525,18.9898,"[1, 0, 0, 0]","(72.8525, 18.9898)",1
207,1,0,0,0,0.513333333,72.85535,18.98985,"[1, 0, 0, 0]","(72.85535, 18.98985)",1
208,1,0,0,0,0.332222222,72.81552515,18.98664211,"[1, 0, 0, 0]","(72.81552515, 18.98664211)",1
209,1,0,0,0,0.037333332999999996,72.82407485,18.98675789,"[1, 0, 0, 0]","(72.82407485, 18.98675789)",1
210,1,0,0,0,0.110444444,72.8269,18.9868,"[1, 0, 0, 0]","(72.8269, 18.9868)",1
211,2,2,2,1,0.379111111,72.82977485,18.98685789,"[2, 2, 2, 1]","(72.82977485, 18.98685789)",1
212,1,0,0,0,0.39888888899999997,72.8326,18.98685,"[1, 0, 0, 0]","(72.8326, 18.98685)",1
213,4,2,2,1,0.45555555600000003,72.83545,18.9869,"[4, 2, 2, 1]","(72.83545, 18.9869)",1
214,2,1,2,0,0.41444444399999997,72.8383,18.98695,"[2, 1, 2, 0]","(72.8383, 18.98695)",1
215,1,0,0,0,0.390444444,72.84115,18.98695,"[1, 0, 0, 0]","(72.84115, 18.98695)",1
216,1,0,0,0,0.384444444,72.844,18.987000000000002,"[1, 0, 0, 0]","(72.844, 18.987000000000002)",1
217,1,0,0,0,0.267777778,72.84685,18.98705,"[1, 0, 0, 0]","(72.84685, 18.98705)",1
218,1,0,0,0,0.24444444399999998,72.85252545,18.98709212,"[1, 0, 0, 0]","(72.85252545, 18.98709212)",1
219,1,0,0,0,0.6053333329999999,72.82693393,18.98406726,"[1, 0, 0, 0]","(72.82693393, 18.98406726)",1
220,1,0,0,0,0.34555555600000004,72.82976607,18.98413274,"[1, 0, 0, 0]","(72.82976607, 18.98413274)",1
221,1,0,0,0,0.10244444400000001,72.83262515,18.98414211,"[1, 0, 0, 0]","(72.83262515, 18.98414211)",1
222,1,0,0,0,0.160222222,72.83548333,18.98418333,"[1, 0, 0, 0]","(72.83548333, 18.98418333)",1
223,1,0,0,0,0.462222222,72.83831667,18.98421667,"[1, 0, 0, 0]","(72.83831667, 18.98421667)",1
224,1,0,0,0,0.288888889,72.84117485,18.98425789,"[1, 0, 0, 0]","(72.84117485, 18.98425789)",1
225,1,0,1,0,0.048888889000000005,72.84686607,18.98433274,"[1, 0, 1, 0]","(72.84686607, 18.98433274)",1
226,1,0,0,0,0.171111111,72.84972515,18.9843421,"[1, 0, 0, 0]","(72.84972515, 18.9843421)",1
227,2,1,2,0,0.12222222199999999,72.85258333,18.98438333,"[2, 1, 2, 0]","(72.85258333, 18.98438333)",1
228,1,0,0,0,0.09777777800000001,72.85541667,18.98441667,"[1, 0, 0, 0]","(72.85541667, 18.98441667)",1
229,1,0,0,0,0.074666667,72.81557485,18.98125789,"[1, 0, 0, 0]","(72.81557485, 18.98125789)",1
230,3,2,2,1,0.663555556,72.82697485,18.98135789,"[3, 2, 2, 1]","(72.82697485, 18.98135789)",1
231,1,0,0,0,0.34333333299999996,72.82982545,18.98139212,"[1, 0, 0, 0]","(72.82982545, 18.98139212)",1
232,1,0,0,0,0.22066666699999998,72.83552515,18.98144211,"[1, 0, 0, 0]","(72.83552515, 18.98144211)",1
233,2,2,2,1,0.36422222200000004,72.83837455,18.98150788,"[2, 2, 2, 1]","(72.83837455, 18.98150788)",1
234,1,0,0,0,0.483555556,72.84122515,18.9815421,"[1, 0, 0, 0]","(72.84122515, 18.9815421)",1
235,1,1,1,0,0.171111111,72.84977485,18.98165789,"[1, 1, 1, 0]","(72.84977485, 18.98165789)",1
236,1,0,0,0,0.33,72.81847485,18.97855789,"[1, 0, 0, 0]","(72.81847485, 18.97855789)",1
237,5,3,3,1,0.523333333,72.82987455,18.97870788,"[5, 3, 3, 1]","(72.82987455, 18.97870788)",1
238,1,0,0,0,0.208888889,72.8327,18.97875,"[1, 0, 0, 0]","(72.8327, 18.97875)",1
239,1,0,0,0,0.433333333,72.84125,18.97885,"[1, 0, 0, 0]","(72.84125, 18.97885)",1
240,1,0,0,0,0.26666666699999997,72.8441,18.97885,"[1, 0, 0, 0]","(72.8441, 18.97885)",1
241,1,0,0,0,0.363333333,72.84695,18.9789,"[1, 0, 0, 0]","(72.84695, 18.9789)",1
242,1,0,0,0,0.535555556,72.8498,18.97895,"[1, 0, 0, 0]","(72.8498, 18.97895)",1
243,3,2,2,1,0.47333333299999997,72.80711667,18.97571667,"[3, 2, 2, 1]","(72.80711667, 18.97571667)",1
244,2,2,2,1,0.320444444,72.80997485,18.97575789,"[2, 2, 2, 1]","(72.80997485, 18.97575789)",1
245,2,2,2,1,0.357777778,72.81280848,18.97577515,"[2, 2, 2, 1]","(72.81280848, 18.97577515)",1
246,1,0,0,0,0.420888889,72.8185,18.97585,"[1, 0, 0, 0]","(72.8185, 18.97585)",1
247,3,2,2,1,0.428888889,72.82419152,18.97592485,"[3, 2, 2, 1]","(72.82419152, 18.97592485)",1
248,1,0,0,0,0.5655555560000001,72.82705,18.97595,"[1, 0, 0, 0]","(72.82705, 18.97595)",1
249,4,2,3,1,0.671111111,72.82990848,18.97597515,"[4, 2, 3, 1]","(72.82990848, 18.97597515)",1
250,1,0,0,0,0.417777778,72.83271667,18.97601667,"[1, 0, 0, 0]","(72.83271667, 18.97601667)",1
251,1,0,0,0,0.45555555600000003,72.83557485,18.97605789,"[1, 0, 0, 0]","(72.83557485, 18.97605789)",1
252,1,0,0,0,0.461111111,72.83843393,18.97606726,"[1, 0, 0, 0]","(72.83843393, 18.97606726)",1
253,1,0,0,0,0.45777777799999997,72.84126607,18.97613274,"[1, 0, 0, 0]","(72.84126607, 18.97613274)",1
254,1,0,0,0,0.26666666699999997,72.84412515,18.9761421,"[1, 0, 0, 0]","(72.84412515, 18.9761421)",1
255,1,0,0,0,0.364444444,72.84698333,18.97618333,"[1, 0, 0, 0]","(72.84698333, 18.97618333)",1
256,1,0,0,0,0.163333333,72.8043,18.97295,"[1, 0, 0, 0]","(72.8043, 18.97295)",1
257,3,3,3,1,0.39666666700000003,72.80715,18.973,"[3, 3, 3, 1]","(72.80715, 18.973)",1
258,2,3,3,1,0.40444444399999996,72.81,18.97305,"[2, 3, 3, 1]","(72.81, 18.97305)",1
259,1,0,0,0,0.182222222,72.81282515,18.97304211,"[1, 0, 0, 0]","(72.81282515, 18.97304211)",1
260,1,0,0,0,0.233333333,72.81567455,18.97310788,"[1, 0, 0, 0]","(72.81567455, 18.97310788)",1
261,1,0,0,0,0.420888889,72.81852515,18.97314211,"[1, 0, 0, 0]","(72.81852515, 18.97314211)",1
262,1,2,2,0,0.217777778,72.82137485,18.97315789,"[1, 2, 2, 0]","(72.82137485, 18.97315789)",1
263,1,0,0,0,0.318888889,72.82422545,18.97319212,"[1, 0, 0, 0]","(72.82422545, 18.97319212)",1
264,1,0,0,0,0.545555556,72.82707485,18.97325789,"[1, 0, 0, 0]","(72.82707485, 18.97325789)",1
265,3,0,0,0,0.36666666700000006,72.82992515,18.97324211,"[3, 0, 0, 0]","(72.82992515, 18.97324211)",1
266,1,0,0,0,0.373333333,72.83562515,18.9733421,"[1, 0, 0, 0]","(72.83562515, 18.9733421)",1
267,1,0,0,0,0.368888889,72.83847485,18.97335789,"[1, 0, 0, 0]","(72.83847485, 18.97335789)",1
268,1,0,0,0,0.468888889,72.84132545,18.97339212,"[1, 0, 0, 0]","(72.84132545, 18.97339212)",1
269,1,0,0,0,0.124888889,72.84417485,18.9734579,"[1, 0, 0, 0]","(72.84417485, 18.9734579)",1
270,1,0,0,0,0.28600000000000003,72.84702515,18.97344211,"[1, 0, 0, 0]","(72.84702515, 18.97344211)",1
271,1,0,0,0,0.36666666700000006,72.84987455,18.97350788,"[1, 0, 0, 0]","(72.84987455, 18.97350788)",1
272,1,0,0,0,0.20222222199999998,72.80432515,18.97024211,"[1, 0, 0, 0]","(72.80432515, 18.97024211)",1
273,1,2,1,0,0.23177777800000002,72.80717455,18.97030788,"[1, 2, 1, 0]","(72.80717455, 18.97030788)",1
274,1,1,1,0,0.20377777800000002,72.81002515,18.97034211,"[1, 1, 1, 0]","(72.81002515, 18.97034211)",1
275,2,2,2,0,0.216222222,72.81287485,18.97035789,"[2, 2, 2, 0]","(72.81287485, 18.97035789)",1
276,2,1,2,0,0.29,72.81572545,18.97039212,"[2, 1, 2, 0]","(72.81572545, 18.97039212)",1
277,1,0,0,0,0.339111111,72.81857485,18.97045789,"[1, 0, 0, 0]","(72.81857485, 18.97045789)",1
278,2,1,2,0,0.242666667,72.82142515,18.97044211,"[2, 1, 2, 0]","(72.82142515, 18.97044211)",1
279,2,2,2,0,0.302222222,72.82427455,18.97050788,"[2, 2, 2, 0]","(72.82427455, 18.97050788)",1
280,3,2,3,1,0.5477777779999999,72.82712515,18.97054211,"[3, 2, 3, 1]","(72.82712515, 18.97054211)",1
281,2,1,2,0,0.311111111,72.82997485,18.97055789,"[2, 1, 2, 0]","(72.82997485, 18.97055789)",1
282,1,0,0,0,0.22555555600000002,72.83282545,18.97059212,"[1, 0, 0, 0]","(72.83282545, 18.97059212)",1
283,1,0,0,0,0.22555555600000002,72.83567485,18.97065789,"[1, 0, 0, 0]","(72.83567485, 18.97065789)",1
284,2,2,2,1,0.355555556,72.83852515,18.9706421,"[2, 2, 2, 1]","(72.83852515, 18.9706421)",1
285,1,0,0,0,0.444444444,72.84137455,18.97070788,"[1, 0, 0, 0]","(72.84137455, 18.97070788)",1
286,1,0,0,0,0.237777778,72.8442,18.97075,"[1, 0, 0, 0]","(72.8442, 18.97075)",1
287,2,2,2,0,0.258222222,72.80437485,18.96755789,"[2, 2, 2, 0]","(72.80437485, 18.96755789)",1
288,2,2,2,0,0.272222222,72.80722545,18.96759212,"[2, 2, 2, 0]","(72.80722545, 18.96759212)",1
289,2,2,2,1,0.264444444,72.81007485,18.96765789,"[2, 2, 2, 1]","(72.81007485, 18.96765789)",1
290,1,0,0,0,0.374888889,72.81292515,18.96764211,"[1, 0, 0, 0]","(72.81292515, 18.96764211)",1
291,1,0,0,0,0.24111111100000002,72.81577455,18.96770788,"[1, 0, 0, 0]","(72.81577455, 18.96770788)",1
292,1,0,0,0,0.20222222199999998,72.81862515,18.96774211,"[1, 0, 0, 0]","(72.81862515, 18.96774211)",1
293,1,0,0,0,0.228666667,72.82147485,18.96775789,"[1, 0, 0, 0]","(72.82147485, 18.96775789)",1
294,2,2,3,1,0.410888889,72.82717485,18.96785789,"[2, 2, 3, 1]","(72.82717485, 18.96785789)",1
295,4,0,0,0,0.178888889,72.83,18.96785,"[4, 0, 0, 0]","(72.83, 18.96785)",1
296,4,2,2,0,0.163333333,72.83285,18.9679,"[4, 2, 2, 0]","(72.83285, 18.9679)",1
297,4,0,0,0,0.292222222,72.8357,18.96795,"[4, 0, 0, 0]","(72.8357, 18.96795)",1
298,4,0,0,0,0.386666667,72.83855,18.96795,"[4, 0, 0, 0]","(72.83855, 18.96795)",1
299,4,0,0,0,0.212222222,72.8414,18.968,"[4, 0, 0, 0]","(72.8414, 18.968)",1
300,4,2,3,1,0.24,72.84422515,18.96804211,"[4, 2, 3, 1]","(72.84422515, 18.96804211)",1
301,4,0,0,0,0.064444444,72.84707485,18.968057899999998,"[4, 0, 0, 0]","(72.84707485, 18.968057899999998)",1
302,4,0,0,0,0.029333333,72.84992545,18.96809212,"[4, 0, 0, 0]","(72.84992545, 18.96809212)",0
303,4,0,0,0,0.295555556,72.80442515,18.96484211,"[4, 0, 0, 0]","(72.80442515, 18.96484211)",1
304,4,0,0,0,0.342222222,72.80728333,18.96488333,"[4, 0, 0, 0]","(72.80728333, 18.96488333)",1
305,4,0,0,0,0.40444444399999996,72.81009152,18.96492485,"[4, 0, 0, 0]","(72.81009152, 18.96492485)",1
306,4,0,0,0,0.40444444399999996,72.81295,18.96495,"[4, 0, 0, 0]","(72.81295, 18.96495)",1
307,4,0,0,0,0.33888888899999997,72.81580848,18.96497515,"[4, 0, 0, 0]","(72.81580848, 18.96497515)",1
308,4,0,0,0,0.456,72.81864121,18.96502485,"[4, 0, 0, 0]","(72.81864121, 18.96502485)",1
309,4,0,0,0,0.41,72.8215,18.96505,"[4, 0, 0, 0]","(72.8215, 18.96505)",1
310,4,5,6,2,0.9411111109999999,72.82433393,18.96506726,"[4, 5, 6, 2]","(72.82433393, 18.96506726)",1
311,4,2,3,1,0.635555556,72.82716607,18.96513274,"[4, 2, 3, 1]","(72.82716607, 18.96513274)",1
312,4,0,0,0,0.48111111100000004,72.83002515,18.9651421,"[4, 0, 0, 0]","(72.83002515, 18.9651421)",1
313,1,0,0,0,0.28444444399999996,72.83288333,18.96518333,"[1, 0, 0, 0]","(72.83288333, 18.96518333)",1
314,1,0,0,0,0.282666667,72.83571667,18.96521667,"[1, 0, 0, 0]","(72.83571667, 18.96521667)",1
315,2,1,2,0,0.223333333,72.83857485,18.9652579,"[2, 1, 2, 0]","(72.83857485, 18.9652579)",1
316,1,0,0,0,0.30111111100000004,72.84143393,18.96526726,"[1, 0, 0, 0]","(72.84143393, 18.96526726)",1
317,1,0,0,0,0.23444444399999997,72.84426607,18.96533274,"[1, 0, 0, 0]","(72.84426607, 18.96533274)",1
318,4,4,3,1,0.164666667,72.84712515,18.96534211,"[4, 4, 3, 1]","(72.84712515, 18.96534211)",1
319,1,0,0,0,0.194444444,72.8016,18.9621,"[1, 0, 0, 0]","(72.8016, 18.9621)",1
320,1,0,0,0,0.318888889,72.81012545,18.96219212,"[1, 0, 0, 0]","(72.81012545, 18.96219212)",1
321,3,1,2,1,0.44888888899999996,72.81297485,18.96225789,"[3, 1, 2, 1]","(72.81297485, 18.96225789)",1
322,1,0,0,0,0.512222222,72.81582515,18.96224211,"[1, 0, 0, 0]","(72.81582515, 18.96224211)",1
323,1,0,0,0,0.577777778,72.81867455,18.96230788,"[1, 0, 0, 0]","(72.81867455, 18.96230788)",1
324,3,1,4,1,0.817777778,72.82152515,18.9623421,"[3, 1, 4, 1]","(72.82152515, 18.9623421)",1
325,3,2,3,1,0.653333333,72.82437485,18.96235789,"[3, 2, 3, 1]","(72.82437485, 18.96235789)",1
326,5,3,4,2,0.7111111109999999,72.82722545,18.96239212,"[5, 3, 4, 2]","(72.82722545, 18.96239212)",1
327,4,2,4,1,0.848888889,72.83007485,18.9624579,"[4, 2, 4, 1]","(72.83007485, 18.9624579)",1
328,1,0,0,0,0.256,72.83292515,18.96244211,"[1, 0, 0, 0]","(72.83292515, 18.96244211)",1
329,1,0,0,0,0.412222222,72.83577455,18.96250788,"[1, 0, 0, 0]","(72.83577455, 18.96250788)",1
330,1,0,0,0,0.342222222,72.83862515,18.96254211,"[1, 0, 0, 0]","(72.83862515, 18.96254211)",1
331,1,0,0,0,0.061111110999999996,72.84717485,18.96265789,"[1, 0, 0, 0]","(72.84717485, 18.96265789)",1
332,1,0,0,0,0.340888889,72.80162545,18.95939212,"[1, 0, 0, 0]","(72.80162545, 18.95939212)",1
333,4,0,0,0,0.107333333,72.80732515,18.95944211,"[4, 0, 0, 0]","(72.80732515, 18.95944211)",0
334,1,0,0,0,0.469777778,72.81017455,18.95950788,"[1, 0, 0, 0]","(72.81017455, 18.95950788)",1
335,1,0,0,0,0.332222222,72.81302515,18.95954211,"[1, 0, 0, 0]","(72.81302515, 18.95954211)",1
336,1,0,0,0,0.436444444,72.81587485,18.95955789,"[1, 0, 0, 0]","(72.81587485, 18.95955789)",1
337,2,2,2,1,0.45,72.81872545,18.95959212,"[2, 2, 2, 1]","(72.81872545, 18.95959212)",1
338,5,4,4,2,0.515777778,72.82157485,18.95965789,"[5, 4, 4, 2]","(72.82157485, 18.95965789)",1
339,1,0,0,0,0.5722222220000001,72.82442515,18.9596421,"[1, 0, 0, 0]","(72.82442515, 18.9596421)",1
340,3,2,3,1,0.823333333,72.82727455,18.95970788,"[3, 2, 3, 1]","(72.82727455, 18.95970788)",1
341,1,0,0,0,0.493333333,72.8301,18.95975,"[1, 0, 0, 0]","(72.8301, 18.95975)",1
342,1,1,1,0,0.20600000000000002,72.83295,18.95975,"[1, 1, 1, 0]","(72.83295, 18.95975)",1
343,3,1,2,1,0.47666666700000004,72.8358,18.9598,"[3, 1, 2, 1]","(72.8358, 18.9598)",1
344,1,0,0,0,0.21,72.83865,18.95985,"[1, 0, 0, 0]","(72.83865, 18.95985)",1
345,1,0,0,0,0.048888889000000005,72.8415,18.95985,"[1, 0, 0, 0]","(72.8415, 18.95985)",1
346,1,0,0,0,0.08866666699999999,72.79882515,18.95664211,"[1, 0, 0, 0]","(72.79882515, 18.95664211)",1
347,3,1,2,0,0.161777778,72.80168333,18.95668333,"[3, 1, 2, 0]","(72.80168333, 18.95668333)",1
348,1,0,0,0,0.15866666699999998,72.80737485,18.95675789,"[1, 0, 0, 0]","(72.80737485, 18.95675789)",1
349,1,0,0,0,0.24888888899999997,72.81020848,18.95677515,"[1, 0, 0, 0]","(72.81020848, 18.95677515)",1
350,1,0,0,0,0.342888889,72.81304121,18.95682485,"[1, 0, 0, 0]","(72.81304121, 18.95682485)",1
351,1,0,0,0,0.42466666700000005,72.8159,18.95685,"[1, 0, 0, 0]","(72.8159, 18.95685)",1
352,4,1,4,1,0.7755555559999999,72.81875879,18.95687515,"[4, 1, 4, 1]","(72.81875879, 18.95687515)",1
353,3,1,2,1,0.371111111,72.82159151,18.95692485,"[3, 1, 2, 1]","(72.82159151, 18.95692485)",1
354,1,0,0,0,0.48111111100000004,72.82445,18.95695,"[1, 0, 0, 0]","(72.82445, 18.95695)",1
355,1,0,0,0,0.6411111110000001,72.82730848,18.95697515,"[1, 0, 0, 0]","(72.82730848, 18.95697515)",1
356,1,0,0,0,0.584444444,72.83011667,18.95701667,"[1, 0, 0, 0]","(72.83011667, 18.95701667)",1
357,2,1,2,0,0.384444444,72.83297485,18.9570579,"[2, 1, 2, 0]","(72.83297485, 18.9570579)",1
358,4,2,3,1,0.7644444440000001,72.83583393,18.95706726,"[4, 2, 3, 1]","(72.83583393, 18.95706726)",1
359,1,0,0,0,0.12533333300000002,72.84152515,18.95714211,"[1, 0, 0, 0]","(72.84152515, 18.95714211)",1
360,3,1,1,0,0.172666667,72.796,18.9539,"[3, 1, 1, 0]","(72.796, 18.9539)",1
361,1,0,0,0,0.239555556,72.79885,18.95395,"[1, 0, 0, 0]","(72.79885, 18.95395)",1
362,1,0,0,0,0.196,72.8017,18.95395,"[1, 0, 0, 0]","(72.8017, 18.95395)",1
363,1,0,0,0,0.107333333,72.8074,18.95405,"[1, 0, 0, 0]","(72.8074, 18.95405)",1
364,1,0,0,0,0.23800000000000002,72.81592515,18.9541421,"[1, 0, 0, 0]","(72.81592515, 18.9541421)",1
365,1,0,0,0,0.599555556,72.81877485,18.95415789,"[1, 0, 0, 0]","(72.81877485, 18.95415789)",1
366,4,2,3,1,0.765777778,72.82165,18.9542,"[4, 2, 3, 1]","(72.82165, 18.9542)",1
367,3,1,3,1,0.56,72.8245,18.95425,"[3, 1, 3, 1]","(72.8245, 18.95425)",1
368,1,0,0,0,0.566666667,72.82732515,18.95424211,"[1, 0, 0, 0]","(72.82732515, 18.95424211)",1
369,4,1,3,1,0.693333333,72.83017455,18.95430788,"[4, 1, 3, 1]","(72.83017455, 18.95430788)",1
370,1,0,0,0,0.5477777779999999,72.83302515,18.95434211,"[1, 0, 0, 0]","(72.83302515, 18.95434211)",1
371,3,2,3,1,0.72,72.83587485,18.95435789,"[3, 2, 3, 1]","(72.83587485, 18.95435789)",1
372,1,0,0,0,0.428888889,72.83872545,18.95439212,"[1, 0, 0, 0]","(72.83872545, 18.95439212)",1
373,1,0,0,0,0.211555556,72.84157485,18.95445789,"[1, 0, 0, 0]","(72.84157485, 18.95445789)",1
374,1,0,0,0,0.11822222199999999,72.7932,18.95115,"[1, 0, 0, 0]","(72.7932, 18.95115)",1
375,1,0,0,0,0.15555555599999998,72.79602545,18.95119212,"[1, 0, 0, 0]","(72.79602545, 18.95119212)",1
376,3,1,3,1,0.373333333,72.80172515,18.95124211,"[3, 1, 3, 1]","(72.80172515, 18.95124211)",1
377,1,0,0,0,0.124222222,72.81882515,18.9514421,"[1, 0, 0, 0]","(72.81882515, 18.9514421)",1
378,4,1,4,1,0.857777778,72.82167455,18.95150788,"[4, 1, 4, 1]","(72.82167455, 18.95150788)",1
379,2,2,2,0,0.683333333,72.82452515,18.95154211,"[2, 2, 2, 0]","(72.82452515, 18.95154211)",1
380,3,2,3,1,0.695555556,72.82737485,18.9515579,"[3, 2, 3, 1]","(72.82737485, 18.9515579)",1
381,1,0,0,0,0.5882222220000001,72.83022545,18.95159212,"[1, 0, 0, 0]","(72.83022545, 18.95159212)",1
382,3,2,3,1,0.679333333,72.83307485,18.95165789,"[3, 2, 3, 1]","(72.83307485, 18.95165789)",1
383,1,0,0,0,0.653333333,72.8359,18.95165,"[1, 0, 0, 0]","(72.8359, 18.95165)",1
384,1,0,0,0,0.34444444399999996,72.83875,18.9517,"[1, 0, 0, 0]","(72.83875, 18.9517)",1
385,1,0,0,0,0.11466666699999999,72.8416,18.95175,"[1, 0, 0, 0]","(72.8416, 18.95175)",1
386,1,0,0,0,0.153111111,72.79322515,18.94844211,"[1, 0, 0, 0]","(72.79322515, 18.94844211)",1
387,1,0,0,0,0.300222222,72.79607455,18.94850788,"[1, 0, 0, 0]","(72.79607455, 18.94850788)",1
388,1,0,0,0,0.054444444,72.80177485,18.94855789,"[1, 0, 0, 0]","(72.80177485, 18.94855789)",0
389,1,0,0,0,0.5724444439999999,72.82455,18.94885,"[1, 0, 0, 0]","(72.82455, 18.94885)",1
390,4,1,4,1,0.908222222,72.8274,18.94885,"[4, 1, 4, 1]","(72.8274, 18.94885)",1
391,4,1,4,1,0.900444444,72.83025,18.9489,"[4, 1, 4, 1]","(72.83025, 18.9489)",1
392,4,1,4,1,0.98,72.8331,18.94895,"[4, 1, 4, 1]","(72.8331, 18.94895)",1
393,1,0,0,0,0.26288888899999996,72.83592515,18.94894211,"[1, 0, 0, 0]","(72.83592515, 18.94894211)",1
394,1,0,0,0,0.123555556,72.83877455,18.94900788,"[1, 0, 0, 0]","(72.83877455, 18.94900788)",1
395,1,0,0,0,0.066666667,72.84162515,18.94904211,"[1, 0, 0, 0]","(72.84162515, 18.94904211)",1
396,1,0,0,0,0.36266666700000005,72.79327485,18.94575789,"[1, 0, 0, 0]","(72.79327485, 18.94575789)",1
397,2,1,1,0,0.130666667,72.79613393,18.94576726,"[2, 1, 1, 0]","(72.79613393, 18.94576726)",1
398,1,0,0,0,0.289555556,72.82456607,18.94613274,"[1, 0, 0, 0]","(72.82456607, 18.94613274)",1
399,1,0,0,0,0.5186666670000001,72.82742515,18.94614211,"[1, 0, 0, 0]","(72.82742515, 18.94614211)",1
400,1,0,0,0,0.566222222,72.83028333,18.94618333,"[1, 0, 0, 0]","(72.83028333, 18.94618333)",1
401,1,0,0,0,0.20244444399999997,72.83311667,18.94621667,"[1, 0, 0, 0]","(72.83311667, 18.94621667)",1
402,1,0,0,0,0.18888888899999998,72.83597485,18.94625789,"[1, 0, 0, 0]","(72.83597485, 18.94625789)",1
403,2,1,2,0,0.22977777800000002,72.82462545,18.94339212,"[2, 1, 2, 0]","(72.82462545, 18.94339212)",1
404,3,2,3,1,0.548222222,72.82747485,18.94345789,"[3, 2, 3, 1]","(72.82747485, 18.94345789)",1
405,1,0,0,0,0.172666667,72.83032515,18.94344211,"[1, 0, 0, 0]","(72.83032515, 18.94344211)",1
406,1,0,0,0,0.239555556,72.83317455,18.94350788,"[1, 0, 0, 0]","(72.83317455, 18.94350788)",1
407,1,0,0,0,0.074666667,72.83602515,18.94354211,"[1, 0, 0, 0]","(72.83602515, 18.94354211)",0
408,1,0,0,0,0.255111111,72.8275,18.94075,"[1, 0, 0, 0]","(72.8275, 18.94075)",1
409,1,0,0,0,0.130666667,72.8332,18.9408,"[1, 0, 0, 0]","(72.8332, 18.9408)",1
410,1,0,0,0,0.14,72.83605,18.94085,"[1, 0, 0, 0]","(72.83605, 18.94085)",1
411,1,0,0,0,0.07,72.8389,18.94085,"[1, 0, 0, 0]","(72.8389, 18.94085)",1
412,1,0,0,0,0.135333333,72.82752515,18.93804211,"[1, 0, 0, 0]","(72.82752515, 18.93804211)",1
413,1,0,0,0,0.233333333,72.83322545,18.93809212,"[1, 0, 0, 0]","(72.83322545, 18.93809212)",1
414,1,0,0,0,0.43777777799999995,72.83607485,18.93815789,"[1, 0, 0, 0]","(72.83607485, 18.93815789)",1
415,1,0,0,0,0.32666666699999997,72.83892515,18.93814211,"[1, 0, 0, 0]","(72.83892515, 18.93814211)",1
416,2,1,1,0,0.172666667,72.82473393,18.93526726,"[2, 1, 1, 0]","(72.82473393, 18.93526726)",1
417,2,4,1,0,0.434,72.82756607,18.93533274,"[2, 4, 1, 0]","(72.82756607, 18.93533274)",1
418,1,0,0,0,0.39666666700000003,72.83328333,18.93538333,"[1, 0, 0, 0]","(72.83328333, 18.93538333)",1
419,3,2,3,1,0.7140000000000001,72.83611667,18.93541667,"[3, 2, 3, 1]","(72.83611667, 18.93541667)",1
420,1,0,0,0,0.27155555600000003,72.83897485,18.93545789,"[1, 0, 0, 0]","(72.83897485, 18.93545789)",1
421,1,0,0,0,0.154,72.84183393,18.93546726,"[1, 0, 0, 0]","(72.84183393, 18.93546726)",1
422,1,1,1,0,0.07933333299999999,72.82477485,18.93255789,"[1, 1, 1, 0]","(72.82477485, 18.93255789)",1
423,2,1,2,0,0.10111111099999999,72.83045,18.93265,"[2, 1, 2, 0]","(72.83045, 18.93265)",1
424,3,1,3,1,0.434,72.8333,18.93265,"[3, 1, 3, 1]","(72.8333, 18.93265)",1
425,1,0,0,0,0.287777778,72.83615,18.9327,"[1, 0, 0, 0]","(72.83615, 18.9327)",1
426,2,1,2,0,0.196,72.839,18.93275,"[2, 1, 2, 0]","(72.839, 18.93275)",1
427,1,0,0,0,0.11199999999999999,72.8248,18.92985,"[1, 0, 0, 0]","(72.8248, 18.92985)",1
428,1,0,0,0,0.18666666699999998,72.82762545,18.92989212,"[1, 0, 0, 0]","(72.82762545, 18.92989212)",1
429,2,1,1,0,0.14,72.83047485,18.92995789,"[2, 1, 1, 0]","(72.83047485, 18.92995789)",1
430,5,5,6,2,0.42022222200000003,72.83332515,18.9299421,"[5, 5, 6, 2]","(72.83332515, 18.9299421)",1
431,1,0,0,0,0.18666666699999998,72.83617455,18.93000788,"[1, 0, 0, 0]","(72.83617455, 18.93000788)",1
432,1,0,0,0,0.046666667,72.83902515,18.9300421,"[1, 0, 0, 0]","(72.83902515, 18.9300421)",1
433,1,0,0,0,0.108888889,72.82196607,18.92713274,"[1, 0, 0, 0]","(72.82196607, 18.92713274)",1
434,1,0,0,0,0.10111111099999999,72.82768333,18.92718333,"[1, 0, 0, 0]","(72.82768333, 18.92718333)",1
435,3,0,0,0,0.126,72.83051667,18.92721667,"[3, 0, 0, 0]","(72.83051667, 18.92721667)",1
436,1,0,0,0,0.308,72.83337485,18.92725789,"[1, 0, 0, 0]","(72.83337485, 18.92725789)",1
437,1,0,0,0,0.163333333,72.82202545,18.92439212,"[1, 0, 0, 0]","(72.82202545, 18.92439212)",1
438,1,0,0,0,0.14622222199999999,72.82487485,18.92445789,"[1, 0, 0, 0]","(72.82487485, 18.92445789)",1
439,1,0,0,0,0.132222222,72.82772515,18.92444211,"[1, 0, 0, 0]","(72.82772515, 18.92444211)",1
440,1,0,0,0,0.168,72.83057455,18.92450788,"[1, 0, 0, 0]","(72.83057455, 18.92450788)",1
441,1,0,0,0,0.18666666699999998,72.8334,18.92455,"[1, 0, 0, 0]","(72.8334, 18.92455)",1
442,1,0,0,0,0.189777778,72.8249,18.92175,"[1, 0, 0, 0]","(72.8249, 18.92175)",1
443,3,2,3,1,0.527333333,72.8306,18.9218,"[3, 2, 3, 1]","(72.8306, 18.9218)",1
444,1,0,0,0,0.20222222199999998,72.83342515,18.9218421,"[1, 0, 0, 0]","(72.83342515, 18.9218421)",1
445,1,0,0,0,0.18866666699999998,72.82492515,18.9190421,"[1, 0, 0, 0]","(72.82492515, 18.9190421)",1
446,3,1,3,1,0.373333333,72.82777485,18.91905789,"[3, 1, 3, 1]","(72.82777485, 18.91905789)",1
447,2,2,2,1,0.41066666700000004,72.83062545,18.91909212,"[2, 2, 2, 1]","(72.83062545, 18.91909212)",1
448,1,0,0,0,0.11199999999999999,72.81927485,18.91625789,"[1, 0, 0, 0]","(72.81927485, 18.91625789)",1
449,2,1,2,0,0.194444444,72.82496607,18.91633274,"[2, 1, 2, 0]","(72.82496607, 18.91633274)",1
450,3,2,3,1,0.5742222220000001,72.82782515,18.9163421,"[3, 2, 3, 1]","(72.82782515, 18.9163421)",1
451,2,2,2,1,0.374888889,72.83068333,18.91638333,"[2, 2, 2, 1]","(72.83068333, 18.91638333)",1
452,1,0,0,0,0.37777777799999995,72.80792545,18.91339212,"[1, 0, 0, 0]","(72.80792545, 18.91339212)",1
453,2,1,1,0,0.06844444400000001,72.81932515,18.9135421,"[2, 1, 1, 0]","(72.81932515, 18.9135421)",1
454,1,0,0,0,0.250444444,72.82217485,18.91355789,"[1, 0, 0, 0]","(72.82217485, 18.91355789)",1
455,1,0,0,0,0.129333333,72.825,18.9136,"[1, 0, 0, 0]","(72.825, 18.9136)",1
456,1,2,2,1,0.189777778,72.8108,18.91075,"[1, 2, 2, 1]","(72.8108, 18.91075)",1
457,2,2,2,1,0.41911111100000004,72.81365,18.91075,"[2, 2, 2, 1]","(72.81365, 18.91075)",1
458,3,1,3,1,0.558888889,72.8165,18.9108,"[3, 1, 3, 1]","(72.8165, 18.9108)",1
459,2,1,2,0,0.287555556,72.81935,18.91085,"[2, 1, 2, 0]","(72.81935, 18.91085)",1
460,1,0,0,0,0.127555556,72.8222,18.91085,"[1, 0, 0, 0]","(72.8222, 18.91085)",1
461,1,0,0,0,0.046666667,72.80515,18.90795,"[1, 0, 0, 0]","(72.80515, 18.90795)",1
462,1,0,0,0,0.08711111099999999,72.81081667,18.90801667,"[1, 0, 0, 0]","(72.81081667, 18.90801667)",1
463,3,0,0,0,0.07933333299999999,72.80517485,18.90525789,"[3, 0, 0, 0]","(72.80517485, 18.90525789)",1
